round_number,group_id,timestamp,price,asset,maker,taker,making_order_status,taking_order_status
1,1,58.372561,40.0,A,fxdiih74,ff1ohyah,TRADED_MAKER,TRADED_TAKER
1,1,73.593897,30.0,A,fxdiih74,xkpiy4vt,TRADED_MAKER,TRADED_TAKER
1,1,82.670333,35.0,A,192pefn6,1ybdzzui,TRADED_MAKER,TRADED_TAKER
1,1,89.857012,40.0,A,n0nfwxhp,ff1ohyah,TRADED_MAKER,TRADED_TAKER
1,1,94.799499,65.0,C,t1c85kki,1ybdzzui,TRADED_MAKER,TRADED_TAKER
1,1,95.851231,10.0,C,fxdiih74,cqq5du2k,ACCEPTED_MAKER,ACCEPTED_TAKER
1,1,103.656964,70.0,B,ff1ohyah,fxdiih74,ACCEPTED_MAKER,ACCEPTED_TAKER
1,1,113.604473,15.0,A,4euiqmk6,fxdiih74,ACCEPTED_MAKER,ACCEPTED_TAKER
1,1,116.186696,20.0,B,1ybdzzui,7kkt7xdi,ACCEPTED_MAKER,ACCEPTED_TAKER
1,1,118.450963,10.0,C,4euiqmk6,fxdiih74,ACCEPTED_MAKER,ACCEPTED_TAKER
1,1,119.268818,60.0,B,192pefn6,ff1ohyah,ACCEPTED_MAKER,ACCEPTED_TAKER
1,1,126.388449,50.0,A,03sa74ke,qfclxxue,TRADED_MAKER,TRADED_TAKER
1,1,130.53062,60.0,C,qfclxxue,sk3234qu,ACCEPTED_MAKER,ACCEPTED_TAKER
1,1,131.395315,50.0,A,qfclxxue,ff1ohyah,ACCEPTED_MAKER,ACCEPTED_TAKER
1,1,133.581042,45.0,A,fxdiih74,1ybdzzui,TRADED_MAKER,TRADED_TAKER
1,1,134.757879,50.0,A,192pefn6,qfclxxue,TRADED_MAKER,TRADED_TAKER
1,1,137.082443,40.0,A,1ybdzzui,t1c85kki,TRADED_MAKER,TRADED_TAKER
1,1,148.299094,75.0,B,u4nityci,xkpiy4vt,TRADED_MAKER,TRADED_TAKER
1,1,152.21612,10.0,C,7kkt7xdi,fxdiih74,ACCEPTED_MAKER,ACCEPTED_TAKER
1,1,159.105092,55.0,C,u4nityci,1ybdzzui,TRADED_MAKER,TRADED_TAKER
1,1,162.43473,45.0,A,t1c85kki,fxdiih74,ACCEPTED_MAKER,ACCEPTED_TAKER
1,1,166.852519,50.0,A,cqq5du2k,n0nfwxhp,ACCEPTED_MAKER,ACCEPTED_TAKER
1,1,167.242816,55.0,C,1ybdzzui,192pefn6,TRADED_MAKER,TRADED_TAKER
1,1,168.962743,50.0,A,qfclxxue,4euiqmk6,TRADED_MAKER,TRADED_TAKER
1,1,169.821968,40.0,B,1ybdzzui,sk3234qu,ACCEPTED_MAKER,ACCEPTED_TAKER
2,1,7.651698,50.0,A,fxdiih74,fxdiih74,TRADED_MAKER,TRADED_TAKER
2,1,11.239794,30.0,B,4euiqmk6,7kkt7xdi,ACCEPTED_MAKER,ACCEPTED_TAKER
2,1,11.578256,40.0,A,192pefn6,ff1ohyah,ACCEPTED_MAKER,ACCEPTED_TAKER
2,1,13.885381,45.0,A,fxdiih74,ff1ohyah,ACCEPTED_MAKER,ACCEPTED_TAKER
2,1,14.622371,50.0,A,xkpiy4vt,1ybdzzui,TRADED_MAKER,TRADED_TAKER
2,1,19.62566,45.0,B,u4nityci,fxdiih74,TRADED_MAKER,TRADED_TAKER
2,1,23.189071,50.0,B,03sa74ke,fxdiih74,ACCEPTED_MAKER,ACCEPTED_TAKER
2,1,31.701101,40.0,B,ff1ohyah,fxdiih74,TRADED_MAKER,TRADED_TAKER
2,1,34.236483,45.0,B,sk3234qu,fxdiih74,TRADED_MAKER,TRADED_TAKER
2,1,36.190074,49.0,B,t1c85kki,fxdiih74,TRADED_MAKER,TRADED_TAKER
2,1,42.445983,45.0,C,ff1ohyah,sk3234qu,ACCEPTED_MAKER,ACCEPTED_TAKER
2,1,44.180974,90.0,C,u4nityci,cqq5du2k,TRADED_MAKER,TRADED_TAKER
2,1,48.824885,35.0,C,cqq5du2k,fxdiih74,TRADED_MAKER,TRADED_TAKER
2,1,50.520277,50.0,A,1ybdzzui,4euiqmk6,TRADED_MAKER,TRADED_TAKER
2,1,59.450067,50.0,A,qfclxxue,7kkt7xdi,ACCEPTED_MAKER,ACCEPTED_TAKER
2,1,67.408335,49.0,B,u4nityci,4euiqmk6,TRADED_MAKER,TRADED_TAKER
2,1,69.415425,50.0,B,03sa74ke,4euiqmk6,TRADED_MAKER,TRADED_TAKER
2,1,76.950453,50.0,B,fxdiih74,4euiqmk6,TRADED_MAKER,TRADED_TAKER
2,1,78.38767,75.0,A,t1c85kki,sk3234qu,ACCEPTED_MAKER,ACCEPTED_TAKER
2,1,80.794641,40.0,B,xkpiy4vt,fxdiih74,ACCEPTED_MAKER,ACCEPTED_TAKER
2,1,82.630814,90.0,C,u4nityci,7kkt7xdi,ACCEPTED_MAKER,ACCEPTED_TAKER
2,1,89.871559,50.0,C,03sa74ke,1ybdzzui,TRADED_MAKER,TRADED_TAKER
2,1,94.268943,40.0,A,03sa74ke,fxdiih74,ACCEPTED_MAKER,ACCEPTED_TAKER
2,1,96.662794,50.0,A,1ybdzzui,fxdiih74,ACCEPTED_MAKER,ACCEPTED_TAKER
2,1,113.530173,50.0,A,4euiqmk6,192pefn6,TRADED_MAKER,TRADED_TAKER
2,1,118.195691,80.0,A,ff1ohyah,sk3234qu,ACCEPTED_MAKER,ACCEPTED_TAKER
2,1,120.711325,40.0,A,192pefn6,1ybdzzui,TRADED_MAKER,TRADED_TAKER
2,1,130.650265,100.0,C,xkpiy4vt,7kkt7xdi,ACCEPTED_MAKER,ACCEPTED_TAKER
2,1,134.11252,45.0,B,n0nfwxhp,fxdiih74,ACCEPTED_MAKER,ACCEPTED_TAKER
2,1,134.987269,45.0,B,1ybdzzui,sk3234qu,ACCEPTED_MAKER,ACCEPTED_TAKER
2,1,135.409316,50.0,C,192pefn6,1ybdzzui,TRADED_MAKER,TRADED_TAKER
2,1,163.762934,50.0,B,t1c85kki,fxdiih74,TRADED_MAKER,TRADED_TAKER
2,1,173.301796,40.0,B,fxdiih74,sk3234qu,TRADED_MAKER,TRADED_TAKER
2,1,173.810939,200.0,D,u4nityci,bot-ETFMakerBot-262,TRADED_MAKER,TRADED_TAKER
2,1,173.91471,70.0,A,ff1ohyah,bot-ETFMakerBot-262,MARKET_MAKER,MARKET_TAKER
2,1,174.055931,50.0,A,1ybdzzui,bot-ETFMakerBot-262,MARKET_MAKER,MARKET_TAKER
2,1,174.21041,80.0,A,t1c85kki,bot-ETFMakerBot-262,MARKET_MAKER,MARKET_TAKER
2,1,174.344224,50.0,A,ff1ohyah,bot-ETFMakerBot-262,MARKET_MAKER,MARKET_TAKER
2,1,174.470543,90.0,A,ff1ohyah,bot-ETFMakerBot-262,MARKET_MAKER,MARKET_TAKER
2,1,174.591049,10.0,A,xkpiy4vt,bot-ETFMakerBot-262,MARKET_MAKER,MARKET_TAKER
2,1,174.710325,60.0,C,1ybdzzui,bot-ETFMakerBot-262,MARKET_MAKER,MARKET_TAKER
2,1,174.860942,30.0,C,192pefn6,bot-ETFMakerBot-262,MARKET_MAKER,MARKET_TAKER
2,1,174.970086,60.0,C,ff1ohyah,bot-ETFMakerBot-262,MARKET_MAKER,MARKET_TAKER
2,1,175.105732,20.0,C,7kkt7xdi,bot-ETFMakerBot-262,MARKET_MAKER,MARKET_TAKER
2,1,175.208798,79.0,C,u4nityci,bot-ETFMakerBot-262,MARKET_MAKER,MARKET_TAKER
2,1,175.317792,20.0,C,4euiqmk6,bot-ETFMakerBot-262,MARKET_MAKER,MARKET_TAKER
2,1,175.449722,80.0,C,ff1ohyah,bot-ETFMakerBot-262,MARKET_MAKER,MARKET_TAKER
2,1,175.581339,11.0,C,4euiqmk6,bot-ETFMakerBot-262,MARKET_MAKER,MARKET_TAKER
2,1,175.713104,90.0,C,xkpiy4vt,bot-ETFMakerBot-262,MARKET_MAKER,MARKET_TAKER
2,1,175.864345,90.0,C,xkpiy4vt,bot-ETFMakerBot-262,MARKET_MAKER,MARKET_TAKER
3,1,10.607876,50.0,A,fxdiih74,192pefn6,TRADED_MAKER,TRADED_TAKER
3,1,11.532775,30.0,A,4euiqmk6,fxdiih74,TRADED_MAKER,TRADED_TAKER
3,1,12.832751,50.0,B,03sa74ke,qfclxxue,TRADED_MAKER,TRADED_TAKER
3,1,17.822102,10.0,A,fxdiih74,ff1ohyah,ACCEPTED_MAKER,ACCEPTED_TAKER
3,1,18.514199,40.0,B,ff1ohyah,sk3234qu,ACCEPTED_MAKER,ACCEPTED_TAKER
3,1,29.159126,30.0,B,4euiqmk6,fxdiih74,ACCEPTED_MAKER,ACCEPTED_TAKER
3,1,29.737502,50.0,A,cqq5du2k,1ybdzzui,TRADED_MAKER,TRADED_TAKER
3,1,33.665056,40.0,C,4euiqmk6,qfclxxue,TRADED_MAKER,TRADED_TAKER
3,1,34.596348,45.0,B,n0nfwxhp,03sa74ke,TRADED_MAKER,TRADED_TAKER
3,1,40.205077,70.0,A,03sa74ke,sk3234qu,ACCEPTED_MAKER,ACCEPTED_TAKER
3,1,43.639292,40.0,A,xkpiy4vt,ff1ohyah,TRADED_MAKER,TRADED_TAKER
3,1,44.738032,74.0,C,u4nityci,fxdiih74,ACCEPTED_MAKER,ACCEPTED_TAKER
3,1,45.441546,40.0,B,7kkt7xdi,1ybdzzui,TRADED_MAKER,TRADED_TAKER
3,1,52.065027,49.0,B,u4nityci,192pefn6,TRADED_MAKER,TRADED_TAKER
3,1,54.764756,50.0,C,03sa74ke,1ybdzzui,TRADED_MAKER,TRADED_TAKER
3,1,55.795768,50.0,B,xkpiy4vt,03sa74ke,TRADED_MAKER,TRADED_TAKER
3,1,57.691721,35.0,A,ff1ohyah,1ybdzzui,TRADED_MAKER,TRADED_TAKER
3,1,69.280322,70.0,C,t1c85kki,qfclxxue,TRADED_MAKER,TRADED_TAKER
3,1,76.256624,30.0,A,7kkt7xdi,fxdiih74,ACCEPTED_MAKER,ACCEPTED_TAKER
3,1,78.709341,50.0,B,03sa74ke,1ybdzzui,TRADED_MAKER,TRADED_TAKER
3,1,80.423942,10.0,A,fxdiih74,7kkt7xdi,ACCEPTED_MAKER,ACCEPTED_TAKER
3,1,81.160243,40.0,A,03sa74ke,xkpiy4vt,TRADED_MAKER,TRADED_TAKER
3,1,85.383926,75.0,C,n0nfwxhp,sk3234qu,ACCEPTED_MAKER,ACCEPTED_TAKER
3,1,87.628087,50.0,A,1ybdzzui,xkpiy4vt,TRADED_MAKER,TRADED_TAKER
3,1,89.622462,40.0,C,cqq5du2k,fxdiih74,ACCEPTED_MAKER,ACCEPTED_TAKER
3,1,90.4489,255.0,D,t1c85kki,bot-ETFMakerBot-263,TRADED_MAKER,TRADED_TAKER
3,1,90.55836,100.0,A,u4nityci,bot-ETFMakerBot-263,MARKET_MAKER,MARKET_TAKER
3,1,90.667467,35.0,A,4euiqmk6,bot-ETFMakerBot-263,MARKET_MAKER,MARKET_TAKER
3,1,90.797773,40.0,C,qfclxxue,bot-ETFMakerBot-263,MARKET_MAKER,MARKET_TAKER
3,1,90.907642,30.0,A,ff1ohyah,bot-ETFMakerBot-263,MARKET_MAKER,MARKET_TAKER
3,1,91.03403,80.0,C,4euiqmk6,bot-ETFMakerBot-263,MARKET_MAKER,MARKET_TAKER
3,1,91.157729,20.0,A,03sa74ke,bot-ETFMakerBot-263,MARKET_MAKER,MARKET_TAKER
3,1,91.270387,100.0,C,xkpiy4vt,bot-ETFMakerBot-263,MARKET_MAKER,MARKET_TAKER
3,1,91.38912,35.0,C,192pefn6,bot-ETFMakerBot-263,MARKET_MAKER,MARKET_TAKER
3,1,91.516213,20.0,C,7kkt7xdi,bot-ETFMakerBot-263,MARKET_MAKER,MARKET_TAKER
3,1,95.378582,59.0,B,sk3234qu,4euiqmk6,TRADED_MAKER,TRADED_TAKER
3,1,107.96568,55.0,B,t1c85kki,fxdiih74,ACCEPTED_MAKER,ACCEPTED_TAKER
3,1,109.709175,50.0,B,cqq5du2k,4euiqmk6,TRADED_MAKER,TRADED_TAKER
3,1,110.982857,20.0,C,7kkt7xdi,xkpiy4vt,TRADED_MAKER,TRADED_TAKER
3,1,113.906818,90.0,A,1ybdzzui,n0nfwxhp,ACCEPTED_MAKER,ACCEPTED_TAKER
3,1,121.209172,50.0,B,1ybdzzui,192pefn6,TRADED_MAKER,TRADED_TAKER
3,1,121.499752,30.0,C,fxdiih74,ff1ohyah,ACCEPTED_MAKER,ACCEPTED_TAKER
3,1,122.615846,40.0,B,fxdiih74,03sa74ke,TRADED_MAKER,TRADED_TAKER
3,1,127.012154,20.0,B,cqq5du2k,xkpiy4vt,TRADED_MAKER,TRADED_TAKER
3,1,129.206741,40.0,B,03sa74ke,7kkt7xdi,ACCEPTED_MAKER,ACCEPTED_TAKER
3,1,135.933713,30.0,C,4euiqmk6,xkpiy4vt,TRADED_MAKER,TRADED_TAKER
3,1,136.341084,40.0,A,fxdiih74,t1c85kki,ACCEPTED_MAKER,ACCEPTED_TAKER
3,1,140.387657,50.0,C,4euiqmk6,ff1ohyah,ACCEPTED_MAKER,ACCEPTED_TAKER
3,1,140.945292,60.0,A,03sa74ke,7kkt7xdi,ACCEPTED_MAKER,ACCEPTED_TAKER
3,1,146.990366,50.0,A,1ybdzzui,fxdiih74,TRADED_MAKER,TRADED_TAKER
3,1,148.500549,75.0,C,u4nityci,qfclxxue,TRADED_MAKER,TRADED_TAKER
3,1,151.041821,55.0,A,4euiqmk6,ff1ohyah,ACCEPTED_MAKER,ACCEPTED_TAKER
3,1,153.074245,40.0,B,1ybdzzui,fxdiih74,TRADED_MAKER,TRADED_TAKER
3,1,163.977923,50.0,C,4euiqmk6,fxdiih74,ACCEPTED_MAKER,ACCEPTED_TAKER
3,1,174.546377,50.0,C,sk3234qu,xkpiy4vt,TRADED_MAKER,TRADED_TAKER
3,1,178.93443,40.0,C,ff1ohyah,fxdiih74,ACCEPTED_MAKER,ACCEPTED_TAKER
3,1,179.818127,160.0,D,u4nityci,bot-ETFMakerBot-263,TRADED_MAKER,TRADED_TAKER
3,1,179.921305,55.0,A,4euiqmk6,bot-ETFMakerBot-263,MARKET_MAKER,MARKET_TAKER
3,1,180.048426,50.0,A,03sa74ke,bot-ETFMakerBot-263,MARKET_MAKER,MARKET_TAKER
3,1,180.168042,70.0,A,ff1ohyah,bot-ETFMakerBot-263,MARKET_MAKER,MARKET_TAKER
3,1,180.300006,40.0,A,t1c85kki,bot-ETFMakerBot-263,MARKET_MAKER,MARKET_TAKER
3,1,180.425477,40.0,C,4euiqmk6,bot-ETFMakerBot-263,MARKET_MAKER,MARKET_TAKER
3,1,180.549952,25.0,A,fxdiih74,bot-ETFMakerBot-263,MARKET_MAKER,MARKET_TAKER
3,1,180.686829,40.0,C,ff1ohyah,bot-ETFMakerBot-263,MARKET_MAKER,MARKET_TAKER
3,1,180.816203,25.0,A,fxdiih74,bot-ETFMakerBot-263,MARKET_MAKER,MARKET_TAKER
3,1,180.961405,100.0,C,7kkt7xdi,bot-ETFMakerBot-263,MARKET_MAKER,MARKET_TAKER
3,1,181.072939,30.0,C,qfclxxue,bot-ETFMakerBot-263,MARKET_MAKER,MARKET_TAKER
3,1,181.219155,20.0,C,cqq5du2k,bot-ETFMakerBot-263,MARKET_MAKER,MARKET_TAKER
4,1,11.64044,50.0,A,fxdiih74,192pefn6,TRADED_MAKER,TRADED_TAKER
4,1,12.307599,30.0,A,4euiqmk6,xkpiy4vt,TRADED_MAKER,TRADED_TAKER
4,1,12.965934,50.0,C,1ybdzzui,4euiqmk6,TRADED_MAKER,TRADED_TAKER
4,1,16.958852,50.0,A,qfclxxue,sk3234qu,ACCEPTED_MAKER,ACCEPTED_TAKER
4,1,17.518349,20.0,A,fxdiih74,03sa74ke,TRADED_MAKER,TRADED_TAKER
4,1,18.858076,60.0,C,03sa74ke,qfclxxue,TRADED_MAKER,TRADED_TAKER
4,1,22.543679,40.0,C,192pefn6,qfclxxue,TRADED_MAKER,TRADED_TAKER
4,1,26.647673,30.0,C,03sa74ke,xkpiy4vt,TRADED_MAKER,TRADED_TAKER
4,1,27.658988,70.0,A,03sa74ke,qfclxxue,TRADED_MAKER,TRADED_TAKER
4,1,30.235537,200.0,D,bot-ETFMakerBot-264,ff1ohyah,ACCEPTED_MAKER,ACCEPTED_TAKER
4,1,30.363741,90.0,A,ff1ohyah,bot-ETFMakerBot-264,MARKET_MAKER,MARKET_TAKER
4,1,30.494223,50.0,A,1ybdzzui,bot-ETFMakerBot-264,MARKET_MAKER,MARKET_TAKER
4,1,30.636246,30.0,C,xkpiy4vt,bot-ETFMakerBot-264,MARKET_MAKER,MARKET_TAKER
4,1,30.764507,20.0,C,7kkt7xdi,bot-ETFMakerBot-264,MARKET_MAKER,MARKET_TAKER
4,1,30.876552,80.0,C,u4nityci,bot-ETFMakerBot-264,MARKET_MAKER,MARKET_TAKER
4,1,33.535355,25.0,C,4euiqmk6,fxdiih74,TRADED_MAKER,TRADED_TAKER
4,1,38.202561,50.0,B,03sa74ke,qfclxxue,TRADED_MAKER,TRADED_TAKER
4,1,39.904639,50.0,C,03sa74ke,n0nfwxhp,TRADED_MAKER,TRADED_TAKER
4,1,40.358469,50.0,A,cqq5du2k,192pefn6,TRADED_MAKER,TRADED_TAKER
4,1,43.610454,50.0,A,qfclxxue,sk3234qu,ACCEPTED_MAKER,ACCEPTED_TAKER
4,1,45.771751,50.0,C,n0nfwxhp,qfclxxue,TRADED_MAKER,TRADED_TAKER
4,1,49.600939,65.0,A,t1c85kki,ff1ohyah,ACCEPTED_MAKER,ACCEPTED_TAKER
4,1,50.848001,90.0,A,fxdiih74,4euiqmk6,TRADED_MAKER,TRADED_TAKER
4,1,51.725004,60.0,C,4euiqmk6,qfclxxue,TRADED_MAKER,TRADED_TAKER
4,1,57.364288,70.0,A,4euiqmk6,n0nfwxhp,ACCEPTED_MAKER,ACCEPTED_TAKER
4,1,60.03462,60.0,A,03sa74ke,fxdiih74,TRADED_MAKER,TRADED_TAKER
4,1,65.694515,259.0,D,bot-ETFMakerBot-264,t1c85kki,ACCEPTED_MAKER,ACCEPTED_TAKER
4,1,65.81889,80.0,A,03sa74ke,bot-ETFMakerBot-264,MARKET_MAKER,MARKET_TAKER
4,1,65.936431,50.0,A,1ybdzzui,bot-ETFMakerBot-264,MARKET_MAKER,MARKET_TAKER
4,1,66.08338,170.0,A,7kkt7xdi,bot-ETFMakerBot-264,MARKET_MAKER,MARKET_TAKER
4,1,66.202912,30.0,C,1ybdzzui,bot-ETFMakerBot-264,MARKET_MAKER,MARKET_TAKER
4,1,66.344361,89.0,C,7kkt7xdi,bot-ETFMakerBot-264,MARKET_MAKER,MARKET_TAKER
4,1,66.45541,25.0,C,fxdiih74,bot-ETFMakerBot-264,MARKET_MAKER,MARKET_TAKER
4,1,66.592947,90.0,C,u4nityci,bot-ETFMakerBot-264,MARKET_MAKER,MARKET_TAKER
4,1,67.582098,50.0,B,1ybdzzui,sk3234qu,ACCEPTED_MAKER,ACCEPTED_TAKER
4,1,74.427017,50.0,C,ff1ohyah,sk3234qu,ACCEPTED_MAKER,ACCEPTED_TAKER
4,1,84.324679,50.0,B,03sa74ke,qfclxxue,TRADED_MAKER,TRADED_TAKER
4,1,92.552475,45.0,B,t1c85kki,03sa74ke,TRADED_MAKER,TRADED_TAKER
4,1,94.091887,65.0,A,t1c85kki,ff1ohyah,ACCEPTED_MAKER,ACCEPTED_TAKER
4,1,96.128694,60.0,A,4euiqmk6,qfclxxue,TRADED_MAKER,TRADED_TAKER
4,1,96.554586,50.0,C,xkpiy4vt,fxdiih74,TRADED_MAKER,TRADED_TAKER
4,1,98.147697,40.0,C,4euiqmk6,fxdiih74,TRADED_MAKER,TRADED_TAKER
4,1,98.757959,50.0,A,03sa74ke,qfclxxue,TRADED_MAKER,TRADED_TAKER
4,1,100.795414,200.0,D,4euiqmk6,bot-ETFMakerBot-264,TRADED_MAKER,TRADED_TAKER
4,1,100.907134,70.0,A,sk3234qu,bot-ETFMakerBot-264,MARKET_MAKER,MARKET_TAKER
4,1,101.013665,30.0,A,xkpiy4vt,bot-ETFMakerBot-264,MARKET_MAKER,MARKET_TAKER
4,1,101.133943,85.0,A,fxdiih74,bot-ETFMakerBot-264,MARKET_MAKER,MARKET_TAKER
4,1,101.309246,30.0,C,fxdiih74,bot-ETFMakerBot-264,MARKET_MAKER,MARKET_TAKER
4,1,101.479633,90.0,C,7kkt7xdi,bot-ETFMakerBot-264,MARKET_MAKER,MARKET_TAKER
4,1,107.861838,45.0,C,cqq5du2k,1ybdzzui,TRADED_MAKER,TRADED_TAKER
4,1,111.713524,40.0,B,03sa74ke,1ybdzzui,TRADED_MAKER,TRADED_TAKER
4,1,114.682552,90.0,C,sk3234qu,qfclxxue,TRADED_MAKER,TRADED_TAKER
4,1,116.177383,40.0,A,1ybdzzui,fxdiih74,TRADED_MAKER,TRADED_TAKER
4,1,123.198606,210.0,D,4euiqmk6,7kkt7xdi,ACCEPTED_MAKER,ACCEPTED_TAKER
4,1,128.657708,54.0,B,u4nityci,sk3234qu,ACCEPTED_MAKER,ACCEPTED_TAKER
4,1,134.305005,30.0,B,4euiqmk6,xkpiy4vt,TRADED_MAKER,TRADED_TAKER
4,1,135.0014,70.0,C,03sa74ke,sk3234qu,ACCEPTED_MAKER,ACCEPTED_TAKER
4,1,139.058625,70.0,A,1ybdzzui,03sa74ke,TRADED_MAKER,TRADED_TAKER
4,1,142.608038,240.0,D,7kkt7xdi,fxdiih74,ACCEPTED_MAKER,ACCEPTED_TAKER
4,1,149.603919,40.0,C,03sa74ke,xkpiy4vt,TRADED_MAKER,TRADED_TAKER
4,1,150.369276,90.0,D,bot-ETFMakerBot-264,fxdiih74,ACCEPTED_MAKER,ACCEPTED_TAKER
4,1,150.506882,60.0,A,4euiqmk6,bot-ETFMakerBot-264,MARKET_MAKER,MARKET_TAKER
4,1,150.642521,75.0,A,cqq5du2k,bot-ETFMakerBot-264,MARKET_MAKER,MARKET_TAKER
4,1,150.754954,50.0,A,192pefn6,bot-ETFMakerBot-264,MARKET_MAKER,MARKET_TAKER
4,1,150.852426,80.0,A,ff1ohyah,bot-ETFMakerBot-264,MARKET_MAKER,MARKET_TAKER
4,1,150.984182,40.0,A,xkpiy4vt,bot-ETFMakerBot-264,MARKET_MAKER,MARKET_TAKER
4,1,151.101712,80.0,A,ff1ohyah,bot-ETFMakerBot-264,MARKET_MAKER,MARKET_TAKER
4,1,151.23289,30.0,A,192pefn6,bot-ETFMakerBot-264,MARKET_MAKER,MARKET_TAKER
4,1,151.379051,20.0,C,ff1ohyah,bot-ETFMakerBot-264,MARKET_MAKER,MARKET_TAKER
4,1,156.695009,25.0,C,t1c85kki,4euiqmk6,TRADED_MAKER,TRADED_TAKER
4,1,158.456827,40.0,B,4euiqmk6,n0nfwxhp,ACCEPTED_MAKER,ACCEPTED_TAKER
4,1,160.608837,30.0,A,qfclxxue,xkpiy4vt,TRADED_MAKER,TRADED_TAKER
4,1,162.0552,25.0,C,4euiqmk6,t1c85kki,ACCEPTED_MAKER,ACCEPTED_TAKER
4,1,165.729365,35.0,A,fxdiih74,7kkt7xdi,ACCEPTED_MAKER,ACCEPTED_TAKER
4,1,168.838076,75.0,A,192pefn6,t1c85kki,ACCEPTED_MAKER,ACCEPTED_TAKER
4,1,177.048686,32.0,C,fxdiih74,4euiqmk6,TRADED_MAKER,TRADED_TAKER
4,1,192.75097,69.0,A,u4nityci,n0nfwxhp,ACCEPTED_MAKER,ACCEPTED_TAKER
4,1,197.27208,40.0,B,4euiqmk6,ff1ohyah,ACCEPTED_MAKER,ACCEPTED_TAKER
4,1,200.195366,60.0,A,4euiqmk6,fxdiih74,TRADED_MAKER,TRADED_TAKER
4,1,205.806014,50.0,B,03sa74ke,fxdiih74,ACCEPTED_MAKER,ACCEPTED_TAKER
4,1,206.583714,70.0,A,1ybdzzui,7kkt7xdi,ACCEPTED_MAKER,ACCEPTED_TAKER
4,1,213.4733,50.0,B,fxdiih74,n0nfwxhp,ACCEPTED_MAKER,ACCEPTED_TAKER
4,1,227.74238,55.0,A,03sa74ke,ff1ohyah,TRADED_MAKER,TRADED_TAKER
4,1,229.904087,55.0,B,sk3234qu,192pefn6,TRADED_MAKER,TRADED_TAKER
4,1,230.975516,200.0,D,ff1ohyah,bot-ETFMakerBot-264,TRADED_MAKER,TRADED_TAKER
4,1,231.096173,20.0,A,ff1ohyah,bot-ETFMakerBot-264,MARKET_MAKER,MARKET_TAKER
4,1,231.238254,25.0,C,1ybdzzui,bot-ETFMakerBot-264,MARKET_MAKER,MARKET_TAKER
4,1,231.374395,70.0,A,4euiqmk6,bot-ETFMakerBot-264,MARKET_MAKER,MARKET_TAKER
4,1,231.505887,25.0,C,03sa74ke,bot-ETFMakerBot-264,MARKET_MAKER,MARKET_TAKER
4,1,231.617481,80.0,A,cqq5du2k,bot-ETFMakerBot-264,MARKET_MAKER,MARKET_TAKER
4,1,231.747935,15.0,C,fxdiih74,bot-ETFMakerBot-264,MARKET_MAKER,MARKET_TAKER
4,1,231.895155,87.0,C,u4nityci,bot-ETFMakerBot-264,MARKET_MAKER,MARKET_TAKER
4,1,232.010249,10.0,C,cqq5du2k,bot-ETFMakerBot-264,MARKET_MAKER,MARKET_TAKER
4,1,232.138298,88.0,C,t1c85kki,bot-ETFMakerBot-264,MARKET_MAKER,MARKET_TAKER
4,1,233.082288,45.0,B,1ybdzzui,fxdiih74,TRADED_MAKER,TRADED_TAKER
4,1,238.453799,20.0,B,fxdiih74,u4nityci,ACCEPTED_MAKER,ACCEPTED_TAKER
4,1,241.558994,35.0,B,fxdiih74,7kkt7xdi,ACCEPTED_MAKER,ACCEPTED_TAKER
4,1,256.475874,220.0,D,bot-ETFMakerBot-264,7kkt7xdi,ACCEPTED_MAKER,ACCEPTED_TAKER
4,1,256.586802,80.0,A,03sa74ke,bot-ETFMakerBot-264,MARKET_MAKER,MARKET_TAKER
4,1,256.697301,50.0,A,n0nfwxhp,bot-ETFMakerBot-264,MARKET_MAKER,MARKET_TAKER
4,1,256.839595,70.0,C,xkpiy4vt,bot-ETFMakerBot-264,MARKET_MAKER,MARKET_TAKER
4,1,256.97705,45.0,C,1ybdzzui,bot-ETFMakerBot-264,MARKET_MAKER,MARKET_TAKER
4,1,257.106555,70.0,C,03sa74ke,bot-ETFMakerBot-264,MARKET_MAKER,MARKET_TAKER
4,1,257.222537,40.0,C,4euiqmk6,bot-ETFMakerBot-264,MARKET_MAKER,MARKET_TAKER
4,1,257.389144,85.0,C,t1c85kki,bot-ETFMakerBot-264,MARKET_MAKER,MARKET_TAKER
4,1,262.311356,60.0,A,4euiqmk6,xkpiy4vt,TRADED_MAKER,TRADED_TAKER
4,1,275.289441,55.0,C,n0nfwxhp,sk3234qu,ACCEPTED_MAKER,ACCEPTED_TAKER
4,1,287.194421,240.0,D,bot-ETFMakerBot-264,n0nfwxhp,ACCEPTED_MAKER,ACCEPTED_TAKER
4,1,287.327559,90.0,A,t1c85kki,bot-ETFMakerBot-264,MARKET_MAKER,MARKET_TAKER
4,1,287.603014,55.0,A,1ybdzzui,bot-ETFMakerBot-264,MARKET_MAKER,MARKET_TAKER
4,1,287.739453,70.0,C,03sa74ke,bot-ETFMakerBot-264,MARKET_MAKER,MARKET_TAKER
4,1,287.855017,55.0,A,03sa74ke,bot-ETFMakerBot-264,MARKET_MAKER,MARKET_TAKER
4,1,287.974171,80.0,C,ff1ohyah,bot-ETFMakerBot-264,MARKET_MAKER,MARKET_TAKER
4,1,288.106023,55.0,C,03sa74ke,bot-ETFMakerBot-264,MARKET_MAKER,MARKET_TAKER
4,1,288.255294,50.0,C,cqq5du2k,bot-ETFMakerBot-264,MARKET_MAKER,MARKET_TAKER
5,1,6.41917,35.0,C,192pefn6,7kkt7xdi,ACCEPTED_MAKER,ACCEPTED_TAKER
5,1,10.592739,45.0,C,1ybdzzui,qfclxxue,TRADED_MAKER,TRADED_TAKER
5,1,10.991409,55.0,A,1ybdzzui,192pefn6,TRADED_MAKER,TRADED_TAKER
5,1,12.558641,60.0,C,4euiqmk6,ff1ohyah,ACCEPTED_MAKER,ACCEPTED_TAKER
5,1,16.544933,30.0,B,4euiqmk6,xkpiy4vt,TRADED_MAKER,TRADED_TAKER
5,1,20.23177,45.0,A,fxdiih74,ff1ohyah,ACCEPTED_MAKER,ACCEPTED_TAKER
5,1,22.464109,40.0,A,fxdiih74,qfclxxue,TRADED_MAKER,TRADED_TAKER
5,1,24.431779,60.0,A,03sa74ke,sk3234qu,ACCEPTED_MAKER,ACCEPTED_TAKER
5,1,28.584432,50.0,A,1ybdzzui,fxdiih74,ACCEPTED_MAKER,ACCEPTED_TAKER
5,1,31.680922,55.0,A,ff1ohyah,fxdiih74,ACCEPTED_MAKER,ACCEPTED_TAKER
5,1,35.889192,45.0,A,03sa74ke,qfclxxue,TRADED_MAKER,TRADED_TAKER
5,1,42.249015,185.0,D,bot-ETFMakerBot-265,192pefn6,TRADED_MAKER,TRADED_TAKER
5,1,42.347012,60.0,A,4euiqmk6,bot-ETFMakerBot-265,MARKET_MAKER,MARKET_TAKER
5,1,42.472311,35.0,A,n0nfwxhp,bot-ETFMakerBot-265,MARKET_MAKER,MARKET_TAKER
5,1,42.61422,60.0,C,4euiqmk6,bot-ETFMakerBot-265,MARKET_MAKER,MARKET_TAKER
5,1,42.741507,30.0,A,4euiqmk6,bot-ETFMakerBot-265,MARKET_MAKER,MARKET_TAKER
5,1,42.872331,65.0,C,n0nfwxhp,bot-ETFMakerBot-265,MARKET_MAKER,MARKET_TAKER
5,1,43.015582,40.0,C,4euiqmk6,bot-ETFMakerBot-265,MARKET_MAKER,MARKET_TAKER
5,1,43.147113,65.0,C,xkpiy4vt,bot-ETFMakerBot-265,MARKET_MAKER,MARKET_TAKER
5,1,43.278878,30.0,C,03sa74ke,bot-ETFMakerBot-265,MARKET_MAKER,MARKET_TAKER
5,1,43.416799,70.0,C,03sa74ke,bot-ETFMakerBot-265,MARKET_MAKER,MARKET_TAKER
5,1,43.542448,20.0,C,fxdiih74,bot-ETFMakerBot-265,MARKET_MAKER,MARKET_TAKER
5,1,53.099005,60.0,C,qfclxxue,xkpiy4vt,TRADED_MAKER,TRADED_TAKER
5,1,60.640618,60.0,C,1ybdzzui,qfclxxue,TRADED_MAKER,TRADED_TAKER
5,1,62.60878,55.0,A,192pefn6,sk3234qu,ACCEPTED_MAKER,ACCEPTED_TAKER
5,1,64.915557,45.0,B,4euiqmk6,xkpiy4vt,TRADED_MAKER,TRADED_TAKER
5,1,65.583451,59.0,B,u4nityci,sk3234qu,ACCEPTED_MAKER,ACCEPTED_TAKER
5,1,65.987466,50.0,A,1ybdzzui,cqq5du2k,ACCEPTED_MAKER,ACCEPTED_TAKER
5,1,67.710735,70.0,C,u4nityci,qfclxxue,TRADED_MAKER,TRADED_TAKER
5,1,72.091563,55.0,C,4euiqmk6,t1c85kki,ACCEPTED_MAKER,ACCEPTED_TAKER
5,1,75.818636,60.0,B,03sa74ke,qfclxxue,TRADED_MAKER,TRADED_TAKER
5,1,76.23498,60.0,A,4euiqmk6,fxdiih74,ACCEPTED_MAKER,ACCEPTED_TAKER
5,1,81.677391,50.0,C,03sa74ke,ff1ohyah,ACCEPTED_MAKER,ACCEPTED_TAKER
5,1,83.16978,214.0,D,bot-ETFMakerBot-265,t1c85kki,ACCEPTED_MAKER,ACCEPTED_TAKER
5,1,83.29207,55.0,A,xkpiy4vt,bot-ETFMakerBot-265,MARKET_MAKER,MARKET_TAKER
5,1,83.411174,45.0,A,03sa74ke,bot-ETFMakerBot-265,MARKET_MAKER,MARKET_TAKER
5,1,83.527293,79.0,C,u4nityci,bot-ETFMakerBot-265,MARKET_MAKER,MARKET_TAKER
5,1,83.80065,40.0,A,fxdiih74,bot-ETFMakerBot-265,MARKET_MAKER,MARKET_TAKER
5,1,83.947196,80.0,C,192pefn6,bot-ETFMakerBot-265,MARKET_MAKER,MARKET_TAKER
5,1,84.060992,30.0,C,7kkt7xdi,bot-ETFMakerBot-265,MARKET_MAKER,MARKET_TAKER
5,1,93.281636,50.0,A,1ybdzzui,fxdiih74,TRADED_MAKER,TRADED_TAKER
5,1,99.706489,50.0,C,7kkt7xdi,qfclxxue,TRADED_MAKER,TRADED_TAKER
5,1,103.900449,75.0,A,fxdiih74,ff1ohyah,ACCEPTED_MAKER,ACCEPTED_TAKER
5,1,104.708622,45.0,C,cqq5du2k,n0nfwxhp,ACCEPTED_MAKER,ACCEPTED_TAKER
5,1,126.781027,50.0,A,4euiqmk6,qfclxxue,TRADED_MAKER,TRADED_TAKER
5,1,127.8546,40.0,C,03sa74ke,192pefn6,TRADED_MAKER,TRADED_TAKER
5,1,133.957251,195.0,D,bot-ETFMakerBot-265,fxdiih74,ACCEPTED_MAKER,ACCEPTED_TAKER
5,1,134.140682,90.0,A,t1c85kki,bot-ETFMakerBot-265,MARKET_MAKER,MARKET_TAKER
5,1,134.266113,40.0,A,n0nfwxhp,bot-ETFMakerBot-265,MARKET_MAKER,MARKET_TAKER
5,1,134.408026,40.0,C,qfclxxue,bot-ETFMakerBot-265,MARKET_MAKER,MARKET_TAKER
5,1,134.522637,30.0,A,4euiqmk6,bot-ETFMakerBot-265,MARKET_MAKER,MARKET_TAKER
5,1,134.653441,65.0,C,ff1ohyah,bot-ETFMakerBot-265,MARKET_MAKER,MARKET_TAKER
5,1,139.520329,50.0,B,ff1ohyah,7kkt7xdi,ACCEPTED_MAKER,ACCEPTED_TAKER
5,1,143.769226,85.0,A,ff1ohyah,qfclxxue,TRADED_MAKER,TRADED_TAKER
5,1,146.943707,50.0,B,xkpiy4vt,n0nfwxhp,ACCEPTED_MAKER,ACCEPTED_TAKER
5,1,155.267496,60.0,B,4euiqmk6,xkpiy4vt,TRADED_MAKER,TRADED_TAKER
5,1,158.884426,225.0,D,ff1ohyah,192pefn6,TRADED_MAKER,TRADED_TAKER
5,1,174.582556,30.0,B,fxdiih74,qfclxxue,TRADED_MAKER,TRADED_TAKER
5,1,176.938055,60.0,B,4euiqmk6,7kkt7xdi,ACCEPTED_MAKER,ACCEPTED_TAKER
5,1,182.77115,60.0,A,xkpiy4vt,qfclxxue,TRADED_MAKER,TRADED_TAKER
5,1,183.709126,45.0,B,4euiqmk6,t1c85kki,ACCEPTED_MAKER,ACCEPTED_TAKER
5,1,203.318388,70.0,A,4euiqmk6,n0nfwxhp,ACCEPTED_MAKER,ACCEPTED_TAKER
5,1,209.202736,55.0,C,xkpiy4vt,sk3234qu,ACCEPTED_MAKER,ACCEPTED_TAKER
5,1,210.982358,50.0,C,03sa74ke,qfclxxue,TRADED_MAKER,TRADED_TAKER
5,1,218.621998,75.0,C,4euiqmk6,7kkt7xdi,ACCEPTED_MAKER,ACCEPTED_TAKER
5,1,232.053878,70.0,A,4euiqmk6,sk3234qu,ACCEPTED_MAKER,ACCEPTED_TAKER
5,1,238.743975,45.0,C,xkpiy4vt,qfclxxue,TRADED_MAKER,TRADED_TAKER
5,1,244.230221,215.0,D,4euiqmk6,bot-ETFMakerBot-265,TRADED_MAKER,TRADED_TAKER
5,1,244.357164,80.0,A,sk3234qu,bot-ETFMakerBot-265,MARKET_MAKER,MARKET_TAKER
5,1,244.462157,65.0,A,t1c85kki,bot-ETFMakerBot-265,MARKET_MAKER,MARKET_TAKER
5,1,244.58575,85.0,A,ff1ohyah,bot-ETFMakerBot-265,MARKET_MAKER,MARKET_TAKER
5,1,244.714035,60.0,A,xkpiy4vt,bot-ETFMakerBot-265,MARKET_MAKER,MARKET_TAKER
5,1,244.833422,90.0,A,fxdiih74,bot-ETFMakerBot-265,MARKET_MAKER,MARKET_TAKER
5,1,244.965153,60.0,A,03sa74ke,bot-ETFMakerBot-265,MARKET_MAKER,MARKET_TAKER
5,1,245.084182,110.0,A,7kkt7xdi,bot-ETFMakerBot-265,MARKET_MAKER,MARKET_TAKER
5,1,245.205087,40.0,C,7kkt7xdi,bot-ETFMakerBot-265,MARKET_MAKER,MARKET_TAKER
5,1,245.315587,60.0,C,4euiqmk6,bot-ETFMakerBot-265,MARKET_MAKER,MARKET_TAKER
5,1,245.488837,70.0,C,03sa74ke,bot-ETFMakerBot-265,MARKET_MAKER,MARKET_TAKER
5,1,245.700523,75.0,C,fxdiih74,bot-ETFMakerBot-265,MARKET_MAKER,MARKET_TAKER
5,1,245.870669,80.0,C,192pefn6,bot-ETFMakerBot-265,MARKET_MAKER,MARKET_TAKER
5,1,261.725411,55.0,C,n0nfwxhp,sk3234qu,ACCEPTED_MAKER,ACCEPTED_TAKER
5,1,262.095957,65.0,A,t1c85kki,xkpiy4vt,TRADED_MAKER,TRADED_TAKER
5,1,262.441174,70.0,A,03sa74ke,ff1ohyah,ACCEPTED_MAKER,ACCEPTED_TAKER
5,1,268.590562,260.0,D,ff1ohyah,192pefn6,TRADED_MAKER,TRADED_TAKER
5,1,271.217881,55.0,C,xkpiy4vt,4euiqmk6,TRADED_MAKER,TRADED_TAKER
5,1,274.798519,60.0,C,4euiqmk6,qfclxxue,TRADED_MAKER,TRADED_TAKER
5,1,277.927398,65.0,A,xkpiy4vt,n0nfwxhp,ACCEPTED_MAKER,ACCEPTED_TAKER
5,1,279.001583,55.0,C,4euiqmk6,qfclxxue,TRADED_MAKER,TRADED_TAKER
5,1,282.836129,46.0,B,sk3234qu,xkpiy4vt,TRADED_MAKER,TRADED_TAKER
5,1,285.831703,215.0,D,bot-ETFMakerBot-265,u4nityci,ACCEPTED_MAKER,ACCEPTED_TAKER
5,1,285.942522,85.0,A,ff1ohyah,bot-ETFMakerBot-265,MARKET_MAKER,MARKET_TAKER
5,1,286.071642,60.0,A,03sa74ke,bot-ETFMakerBot-265,MARKET_MAKER,MARKET_TAKER
5,1,286.187844,55.0,C,qfclxxue,bot-ETFMakerBot-265,MARKET_MAKER,MARKET_TAKER
5,1,286.297506,50.0,A,4euiqmk6,bot-ETFMakerBot-265,MARKET_MAKER,MARKET_TAKER
5,1,286.428465,75.0,C,fxdiih74,bot-ETFMakerBot-265,MARKET_MAKER,MARKET_TAKER
5,1,295.93096,55.0,B,fxdiih74,7kkt7xdi,ACCEPTED_MAKER,ACCEPTED_TAKER
5,1,298.526243,70.0,A,03sa74ke,ff1ohyah,ACCEPTED_MAKER,ACCEPTED_TAKER
5,1,299.36378,225.0,D,qfclxxue,bot-ETFMakerBot-265,TRADED_MAKER,TRADED_TAKER
5,1,299.47105,80.0,A,1ybdzzui,bot-ETFMakerBot-265,MARKET_MAKER,MARKET_TAKER
5,1,299.610488,50.0,A,4euiqmk6,bot-ETFMakerBot-265,MARKET_MAKER,MARKET_TAKER
5,1,299.842716,65.0,C,1ybdzzui,bot-ETFMakerBot-265,MARKET_MAKER,MARKET_TAKER
5,1,300.078841,40.0,A,4euiqmk6,bot-ETFMakerBot-265,MARKET_MAKER,MARKET_TAKER
5,1,300.222541,70.0,C,03sa74ke,bot-ETFMakerBot-265,MARKET_MAKER,MARKET_TAKER
6,1,6.601362,55.0,A,1ybdzzui,qfclxxue,TRADED_MAKER,TRADED_TAKER
6,1,7.744342,40.0,C,192pefn6,xkpiy4vt,TRADED_MAKER,TRADED_TAKER
6,1,8.972948,40.0,C,03sa74ke,xkpiy4vt,TRADED_MAKER,TRADED_TAKER
6,1,9.380917,55.0,A,1ybdzzui,qfclxxue,TRADED_MAKER,TRADED_TAKER
6,1,9.732114,45.0,A,fxdiih74,qfclxxue,TRADED_MAKER,TRADED_TAKER
6,1,12.440885,55.0,A,192pefn6,sk3234qu,ACCEPTED_MAKER,ACCEPTED_TAKER
6,1,16.856194,50.0,A,xkpiy4vt,t1c85kki,ACCEPTED_MAKER,ACCEPTED_TAKER
6,1,20.836232,55.0,A,192pefn6,qfclxxue,TRADED_MAKER,TRADED_TAKER
6,1,22.89552,60.0,A,03sa74ke,t1c85kki,ACCEPTED_MAKER,ACCEPTED_TAKER
6,1,23.203575,80.0,A,1ybdzzui,qfclxxue,TRADED_MAKER,TRADED_TAKER
6,1,26.944947,205.0,D,4euiqmk6,bot-ETFMakerBot-266,TRADED_MAKER,TRADED_TAKER
6,1,27.070203,55.0,A,fxdiih74,bot-ETFMakerBot-266,MARKET_MAKER,MARKET_TAKER
6,1,27.442161,40.0,A,n0nfwxhp,bot-ETFMakerBot-266,MARKET_MAKER,MARKET_TAKER
6,1,27.652639,70.0,C,u4nityci,bot-ETFMakerBot-266,MARKET_MAKER,MARKET_TAKER
6,1,27.761552,25.0,C,fxdiih74,bot-ETFMakerBot-266,MARKET_MAKER,MARKET_TAKER
6,1,27.895772,75.0,C,4euiqmk6,bot-ETFMakerBot-266,MARKET_MAKER,MARKET_TAKER
6,1,35.139911,206.0,D,ff1ohyah,bot-ETFMakerBot-266,TRADED_MAKER,TRADED_TAKER
6,1,35.263472,45.0,A,fxdiih74,bot-ETFMakerBot-266,MARKET_MAKER,MARKET_TAKER
6,1,35.409573,40.0,A,4euiqmk6,bot-ETFMakerBot-266,MARKET_MAKER,MARKET_TAKER
6,1,35.533526,95.0,A,fxdiih74,bot-ETFMakerBot-266,MARKET_MAKER,MARKET_TAKER
6,1,35.67,40.0,C,03sa74ke,bot-ETFMakerBot-266,MARKET_MAKER,MARKET_TAKER
6,1,35.784691,70.0,C,1ybdzzui,bot-ETFMakerBot-266,MARKET_MAKER,MARKET_TAKER
6,1,35.923967,30.0,C,4euiqmk6,bot-ETFMakerBot-266,MARKET_MAKER,MARKET_TAKER
6,1,36.055565,90.0,C,t1c85kki,bot-ETFMakerBot-266,MARKET_MAKER,MARKET_TAKER
6,1,45.475858,70.0,C,xkpiy4vt,qfclxxue,TRADED_MAKER,TRADED_TAKER
6,1,47.225189,85.0,C,fxdiih74,qfclxxue,TRADED_MAKER,TRADED_TAKER
6,1,50.047763,50.0,B,ff1ohyah,7kkt7xdi,ACCEPTED_MAKER,ACCEPTED_TAKER
6,1,62.65861,75.0,C,n0nfwxhp,qfclxxue,TRADED_MAKER,TRADED_TAKER
6,1,65.578878,50.0,C,fxdiih74,n0nfwxhp,ACCEPTED_MAKER,ACCEPTED_TAKER
6,1,69.104624,55.0,A,xkpiy4vt,qfclxxue,TRADED_MAKER,TRADED_TAKER
6,1,77.158337,55.0,B,03sa74ke,fxdiih74,ACCEPTED_MAKER,ACCEPTED_TAKER
6,1,77.707168,35.0,B,1ybdzzui,t1c85kki,ACCEPTED_MAKER,ACCEPTED_TAKER
6,1,77.998566,220.0,D,bot-ETFMakerBot-266,192pefn6,TRADED_MAKER,TRADED_TAKER
6,1,78.094415,90.0,A,t1c85kki,bot-ETFMakerBot-266,MARKET_MAKER,MARKET_TAKER
6,1,78.217725,60.0,A,n0nfwxhp,bot-ETFMakerBot-266,MARKET_MAKER,MARKET_TAKER
6,1,78.354584,60.0,C,03sa74ke,bot-ETFMakerBot-266,MARKET_MAKER,MARKET_TAKER
6,1,78.472883,50.0,A,03sa74ke,bot-ETFMakerBot-266,MARKET_MAKER,MARKET_TAKER
6,1,78.592452,70.0,C,1ybdzzui,bot-ETFMakerBot-266,MARKET_MAKER,MARKET_TAKER
6,1,78.749254,45.0,A,1ybdzzui,bot-ETFMakerBot-266,MARKET_MAKER,MARKET_TAKER
6,1,78.890958,79.0,C,u4nityci,bot-ETFMakerBot-266,MARKET_MAKER,MARKET_TAKER
6,1,79.040303,80.0,C,ff1ohyah,bot-ETFMakerBot-266,MARKET_MAKER,MARKET_TAKER
6,1,81.928307,50.0,B,xkpiy4vt,qfclxxue,TRADED_MAKER,TRADED_TAKER
6,1,93.208366,50.0,C,xkpiy4vt,qfclxxue,TRADED_MAKER,TRADED_TAKER
6,1,93.482661,60.0,A,cqq5du2k,03sa74ke,TRADED_MAKER,TRADED_TAKER
6,1,104.755942,50.0,B,xkpiy4vt,03sa74ke,TRADED_MAKER,TRADED_TAKER
6,1,105.461045,235.0,D,bot-ETFMakerBot-266,fxdiih74,ACCEPTED_MAKER,ACCEPTED_TAKER
6,1,105.593606,85.0,A,t1c85kki,bot-ETFMakerBot-266,MARKET_MAKER,MARKET_TAKER
6,1,105.72561,65.0,A,ff1ohyah,bot-ETFMakerBot-266,MARKET_MAKER,MARKET_TAKER
6,1,105.854821,89.0,A,u4nityci,bot-ETFMakerBot-266,MARKET_MAKER,MARKET_TAKER
6,1,105.976086,60.0,A,1ybdzzui,bot-ETFMakerBot-266,MARKET_MAKER,MARKET_TAKER
6,1,106.120526,60.0,C,192pefn6,bot-ETFMakerBot-266,MARKET_MAKER,MARKET_TAKER
6,1,106.289705,55.0,A,xkpiy4vt,bot-ETFMakerBot-266,MARKET_MAKER,MARKET_TAKER
6,1,106.516231,90.0,C,7kkt7xdi,bot-ETFMakerBot-266,MARKET_MAKER,MARKET_TAKER
6,1,124.105361,215.0,D,u4nityci,fxdiih74,TRADED_MAKER,TRADED_TAKER
6,1,124.397517,75.0,A,xkpiy4vt,7kkt7xdi,ACCEPTED_MAKER,ACCEPTED_TAKER
6,1,131.348496,40.0,B,1ybdzzui,n0nfwxhp,ACCEPTED_MAKER,ACCEPTED_TAKER
6,1,136.397117,65.0,A,ff1ohyah,xkpiy4vt,TRADED_MAKER,TRADED_TAKER
6,1,142.712614,70.0,A,03sa74ke,4euiqmk6,TRADED_MAKER,TRADED_TAKER
6,1,143.457497,215.0,D,bot-ETFMakerBot-266,t1c85kki,ACCEPTED_MAKER,ACCEPTED_TAKER
6,1,143.580829,80.0,A,ff1ohyah,bot-ETFMakerBot-266,MARKET_MAKER,MARKET_TAKER
6,1,143.71392,55.0,A,qfclxxue,bot-ETFMakerBot-266,MARKET_MAKER,MARKET_TAKER
6,1,143.840175,65.0,C,1ybdzzui,bot-ETFMakerBot-266,MARKET_MAKER,MARKET_TAKER
6,1,144.025146,70.0,C,03sa74ke,bot-ETFMakerBot-266,MARKET_MAKER,MARKET_TAKER
6,1,148.196884,50.0,B,qfclxxue,1ybdzzui,TRADED_MAKER,TRADED_TAKER
6,1,150.88904,50.0,B,qfclxxue,xkpiy4vt,TRADED_MAKER,TRADED_TAKER
6,1,153.826974,90.0,A,ff1ohyah,fxdiih74,ACCEPTED_MAKER,ACCEPTED_TAKER
6,1,155.651212,54.0,B,u4nityci,xkpiy4vt,TRADED_MAKER,TRADED_TAKER
6,1,167.413778,55.0,B,n0nfwxhp,03sa74ke,TRADED_MAKER,TRADED_TAKER
6,1,173.181928,40.0,B,fxdiih74,4euiqmk6,TRADED_MAKER,TRADED_TAKER
6,1,176.872774,85.0,A,fxdiih74,qfclxxue,TRADED_MAKER,TRADED_TAKER
6,1,184.115399,20.0,C,cqq5du2k,qfclxxue,TRADED_MAKER,TRADED_TAKER
6,1,189.466024,70.0,A,ff1ohyah,fxdiih74,TRADED_MAKER,TRADED_TAKER
6,1,191.889994,50.0,B,xkpiy4vt,7kkt7xdi,ACCEPTED_MAKER,ACCEPTED_TAKER
6,1,198.789914,70.0,A,03sa74ke,qfclxxue,TRADED_MAKER,TRADED_TAKER
6,1,205.742102,265.0,D,bot-ETFMakerBot-266,qfclxxue,TRADED_MAKER,TRADED_TAKER
6,1,205.852739,90.0,A,sk3234qu,bot-ETFMakerBot-266,MARKET_MAKER,MARKET_TAKER
6,1,205.969517,65.0,A,xkpiy4vt,bot-ETFMakerBot-266,MARKET_MAKER,MARKET_TAKER
6,1,206.088021,90.0,A,ff1ohyah,bot-ETFMakerBot-266,MARKET_MAKER,MARKET_TAKER
6,1,206.218706,45.0,A,xkpiy4vt,bot-ETFMakerBot-266,MARKET_MAKER,MARKET_TAKER
6,1,206.498899,95.0,A,fxdiih74,bot-ETFMakerBot-266,MARKET_MAKER,MARKET_TAKER
6,1,206.719044,85.0,C,xkpiy4vt,bot-ETFMakerBot-266,MARKET_MAKER,MARKET_TAKER
6,1,206.918335,90.0,C,192pefn6,bot-ETFMakerBot-266,MARKET_MAKER,MARKET_TAKER
6,1,212.694774,100.0,A,7kkt7xdi,fxdiih74,ACCEPTED_MAKER,ACCEPTED_TAKER
6,1,226.460087,85.0,A,fxdiih74,xkpiy4vt,TRADED_MAKER,TRADED_TAKER
6,1,234.70148,95.0,A,ff1ohyah,fxdiih74,ACCEPTED_MAKER,ACCEPTED_TAKER
6,1,239.82273,85.0,A,xkpiy4vt,n0nfwxhp,ACCEPTED_MAKER,ACCEPTED_TAKER
6,1,240.654583,20.0,C,4euiqmk6,qfclxxue,TRADED_MAKER,TRADED_TAKER
6,1,243.158138,70.0,A,fxdiih74,ff1ohyah,ACCEPTED_MAKER,ACCEPTED_TAKER
6,1,244.788998,10.0,C,qfclxxue,7kkt7xdi,ACCEPTED_MAKER,ACCEPTED_TAKER
6,1,247.966621,55.0,B,xkpiy4vt,1ybdzzui,TRADED_MAKER,TRADED_TAKER
6,1,263.032949,55.0,B,xkpiy4vt,1ybdzzui,TRADED_MAKER,TRADED_TAKER
6,1,273.030443,40.0,B,cqq5du2k,sk3234qu,ACCEPTED_MAKER,ACCEPTED_TAKER
6,1,275.221127,85.0,A,fxdiih74,ff1ohyah,ACCEPTED_MAKER,ACCEPTED_TAKER
6,1,280.059356,60.0,B,1ybdzzui,xkpiy4vt,TRADED_MAKER,TRADED_TAKER
6,1,282.710344,270.0,D,ff1ohyah,cqq5du2k,ACCEPTED_MAKER,ACCEPTED_TAKER
6,1,286.525376,50.0,C,xkpiy4vt,n0nfwxhp,ACCEPTED_MAKER,ACCEPTED_TAKER
7,1,6.469499,80.0,A,fxdiih74,qfclxxue,TRADED_MAKER,TRADED_TAKER
7,1,9.722491,65.0,C,n0nfwxhp,qfclxxue,TRADED_MAKER,TRADED_TAKER
7,1,12.448003,70.0,A,ff1ohyah,192pefn6,TRADED_MAKER,TRADED_TAKER
7,1,17.721354,85.0,A,fxdiih74,n0nfwxhp,ACCEPTED_MAKER,ACCEPTED_TAKER
7,1,21.389499,60.0,C,xkpiy4vt,t1c85kki,ACCEPTED_MAKER,ACCEPTED_TAKER
7,1,26.880881,65.0,A,03sa74ke,192pefn6,TRADED_MAKER,TRADED_TAKER
7,1,30.507378,40.0,B,4euiqmk6,xkpiy4vt,TRADED_MAKER,TRADED_TAKER
7,1,33.089974,60.0,A,1ybdzzui,qfclxxue,TRADED_MAKER,TRADED_TAKER
7,1,35.563325,45.0,C,03sa74ke,qfclxxue,TRADED_MAKER,TRADED_TAKER
7,1,36.704106,70.0,C,4euiqmk6,fxdiih74,ACCEPTED_MAKER,ACCEPTED_TAKER
7,1,38.632978,60.0,A,xkpiy4vt,4euiqmk6,TRADED_MAKER,TRADED_TAKER
7,1,43.794135,40.0,A,4euiqmk6,qfclxxue,TRADED_MAKER,TRADED_TAKER
7,1,47.625588,220.0,D,bot-ETFMakerBot-267,192pefn6,TRADED_MAKER,TRADED_TAKER
7,1,47.732493,90.0,A,sk3234qu,bot-ETFMakerBot-267,MARKET_MAKER,MARKET_TAKER
7,1,47.847564,40.0,C,192pefn6,bot-ETFMakerBot-267,MARKET_MAKER,MARKET_TAKER
7,1,47.949391,90.0,A,7kkt7xdi,bot-ETFMakerBot-267,MARKET_MAKER,MARKET_TAKER
7,1,48.063004,30.0,C,7kkt7xdi,bot-ETFMakerBot-267,MARKET_MAKER,MARKET_TAKER
7,1,48.171699,60.0,C,xkpiy4vt,bot-ETFMakerBot-267,MARKET_MAKER,MARKET_TAKER
7,1,48.346498,70.0,C,1ybdzzui,bot-ETFMakerBot-267,MARKET_MAKER,MARKET_TAKER
7,1,51.570921,65.0,B,ff1ohyah,fxdiih74,ACCEPTED_MAKER,ACCEPTED_TAKER
7,1,52.566261,40.0,C,qfclxxue,ff1ohyah,ACCEPTED_MAKER,ACCEPTED_TAKER
7,1,59.311203,60.0,B,03sa74ke,qfclxxue,TRADED_MAKER,TRADED_TAKER
7,1,62.414442,50.0,C,192pefn6,ff1ohyah,ACCEPTED_MAKER,ACCEPTED_TAKER
7,1,62.912697,60.0,B,xkpiy4vt,sk3234qu,ACCEPTED_MAKER,ACCEPTED_TAKER
7,1,63.169873,60.0,B,1ybdzzui,qfclxxue,TRADED_MAKER,TRADED_TAKER
7,1,67.363703,40.0,B,4euiqmk6,qfclxxue,TRADED_MAKER,TRADED_TAKER
7,1,72.656034,70.0,A,03sa74ke,qfclxxue,TRADED_MAKER,TRADED_TAKER
7,1,76.470819,214.0,D,bot-ETFMakerBot-267,sk3234qu,ACCEPTED_MAKER,ACCEPTED_TAKER
7,1,76.589917,79.0,A,u4nityci,bot-ETFMakerBot-267,MARKET_MAKER,MARKET_TAKER
7,1,76.713277,35.0,C,cqq5du2k,bot-ETFMakerBot-267,MARKET_MAKER,MARKET_TAKER
7,1,76.833224,80.0,A,xkpiy4vt,bot-ETFMakerBot-267,MARKET_MAKER,MARKET_TAKER
7,1,77.042809,65.0,C,xkpiy4vt,bot-ETFMakerBot-267,MARKET_MAKER,MARKET_TAKER
7,1,77.240662,70.0,C,u4nityci,bot-ETFMakerBot-267,MARKET_MAKER,MARKET_TAKER
7,1,84.682643,70.0,A,1ybdzzui,qfclxxue,TRADED_MAKER,TRADED_TAKER
7,1,91.561769,245.0,D,bot-ETFMakerBot-267,qfclxxue,TRADED_MAKER,TRADED_TAKER
7,1,91.698069,85.0,A,ff1ohyah,bot-ETFMakerBot-267,MARKET_MAKER,MARKET_TAKER
7,1,91.866399,70.0,C,03sa74ke,bot-ETFMakerBot-267,MARKET_MAKER,MARKET_TAKER
7,1,92.027385,90.0,C,ff1ohyah,bot-ETFMakerBot-267,MARKET_MAKER,MARKET_TAKER
7,1,93.723078,55.0,B,192pefn6,xkpiy4vt,TRADED_MAKER,TRADED_TAKER
7,1,100.042275,60.0,B,n0nfwxhp,qfclxxue,TRADED_MAKER,TRADED_TAKER
7,1,104.069051,70.0,A,cqq5du2k,1ybdzzui,TRADED_MAKER,TRADED_TAKER
7,1,104.641197,59.0,B,u4nityci,03sa74ke,TRADED_MAKER,TRADED_TAKER
7,1,114.490811,60.0,A,03sa74ke,4euiqmk6,TRADED_MAKER,TRADED_TAKER
7,1,119.547552,40.0,B,cqq5du2k,fxdiih74,ACCEPTED_MAKER,ACCEPTED_TAKER
7,1,121.514369,225.0,D,bot-ETFMakerBot-267,n0nfwxhp,ACCEPTED_MAKER,ACCEPTED_TAKER
7,1,121.680263,65.0,A,xkpiy4vt,bot-ETFMakerBot-267,MARKET_MAKER,MARKET_TAKER
7,1,121.809172,40.0,A,4euiqmk6,bot-ETFMakerBot-267,MARKET_MAKER,MARKET_TAKER
7,1,121.936139,70.0,A,03sa74ke,bot-ETFMakerBot-267,MARKET_MAKER,MARKET_TAKER
7,1,122.055521,50.0,C,xkpiy4vt,bot-ETFMakerBot-267,MARKET_MAKER,MARKET_TAKER
7,1,122.176808,95.0,A,ff1ohyah,bot-ETFMakerBot-267,MARKET_MAKER,MARKET_TAKER
7,1,122.351737,70.0,C,1ybdzzui,bot-ETFMakerBot-267,MARKET_MAKER,MARKET_TAKER
7,1,122.54518,90.0,C,ff1ohyah,bot-ETFMakerBot-267,MARKET_MAKER,MARKET_TAKER
7,1,122.773807,90.0,C,ff1ohyah,bot-ETFMakerBot-267,MARKET_MAKER,MARKET_TAKER
7,1,127.742559,40.0,B,1ybdzzui,qfclxxue,TRADED_MAKER,TRADED_TAKER
7,1,130.222345,55.0,B,t1c85kki,03sa74ke,TRADED_MAKER,TRADED_TAKER
7,1,138.152645,70.0,A,4euiqmk6,7kkt7xdi,ACCEPTED_MAKER,ACCEPTED_TAKER
7,1,140.849175,255.0,D,bot-ETFMakerBot-267,cqq5du2k,ACCEPTED_MAKER,ACCEPTED_TAKER
7,1,140.96625,100.0,A,n0nfwxhp,bot-ETFMakerBot-267,MARKET_MAKER,MARKET_TAKER
7,1,141.171327,60.0,A,xkpiy4vt,bot-ETFMakerBot-267,MARKET_MAKER,MARKET_TAKER
7,1,141.385338,70.0,C,1ybdzzui,bot-ETFMakerBot-267,MARKET_MAKER,MARKET_TAKER
7,1,141.526563,40.0,C,4euiqmk6,bot-ETFMakerBot-267,MARKET_MAKER,MARKET_TAKER
7,1,141.656795,85.0,C,fxdiih74,bot-ETFMakerBot-267,MARKET_MAKER,MARKET_TAKER
7,1,143.004337,40.0,B,4euiqmk6,qfclxxue,TRADED_MAKER,TRADED_TAKER
7,1,144.514522,40.0,B,4euiqmk6,qfclxxue,TRADED_MAKER,TRADED_TAKER
7,1,148.238258,50.0,B,fxdiih74,7kkt7xdi,ACCEPTED_MAKER,ACCEPTED_TAKER
7,1,152.628404,59.0,B,sk3234qu,1ybdzzui,TRADED_MAKER,TRADED_TAKER
7,1,158.587341,220.0,D,u4nityci,bot-ETFMakerBot-267,TRADED_MAKER,TRADED_TAKER
7,1,158.692725,70.0,A,cqq5du2k,bot-ETFMakerBot-267,MARKET_MAKER,MARKET_TAKER
7,1,158.825105,40.0,A,4euiqmk6,bot-ETFMakerBot-267,MARKET_MAKER,MARKET_TAKER
7,1,159.033258,70.0,C,n0nfwxhp,bot-ETFMakerBot-267,MARKET_MAKER,MARKET_TAKER
7,1,159.17949,50.0,C,03sa74ke,bot-ETFMakerBot-267,MARKET_MAKER,MARKET_TAKER
7,1,159.301253,70.0,C,u4nityci,bot-ETFMakerBot-267,MARKET_MAKER,MARKET_TAKER
7,1,159.420071,40.0,C,4euiqmk6,bot-ETFMakerBot-267,MARKET_MAKER,MARKET_TAKER
7,1,161.349555,215.0,D,ff1ohyah,bot-ETFMakerBot-267,TRADED_MAKER,TRADED_TAKER
7,1,161.483147,70.0,A,03sa74ke,bot-ETFMakerBot-267,MARKET_MAKER,MARKET_TAKER
7,1,161.639156,65.0,C,192pefn6,bot-ETFMakerBot-267,MARKET_MAKER,MARKET_TAKER
7,1,161.786623,69.0,C,t1c85kki,bot-ETFMakerBot-267,MARKET_MAKER,MARKET_TAKER
7,1,167.092393,95.0,C,fxdiih74,qfclxxue,TRADED_MAKER,TRADED_TAKER
7,1,169.073087,85.0,A,sk3234qu,fxdiih74,TRADED_MAKER,TRADED_TAKER
7,1,178.739447,60.0,A,03sa74ke,xkpiy4vt,TRADED_MAKER,TRADED_TAKER
7,1,187.955015,40.0,C,4euiqmk6,4euiqmk6,TRADED_MAKER,TRADED_TAKER
7,1,192.561318,238.0,D,bot-ETFMakerBot-267,u4nityci,ACCEPTED_MAKER,ACCEPTED_TAKER
7,1,192.687559,88.0,A,1ybdzzui,bot-ETFMakerBot-267,MARKET_MAKER,MARKET_TAKER
7,1,192.82848,40.0,A,4euiqmk6,bot-ETFMakerBot-267,MARKET_MAKER,MARKET_TAKER
7,1,192.95684,95.0,A,ff1ohyah,bot-ETFMakerBot-267,MARKET_MAKER,MARKET_TAKER
7,1,193.169009,70.0,C,xkpiy4vt,bot-ETFMakerBot-267,MARKET_MAKER,MARKET_TAKER
7,1,193.412747,80.0,C,03sa74ke,bot-ETFMakerBot-267,MARKET_MAKER,MARKET_TAKER
7,1,193.675178,90.0,C,cqq5du2k,bot-ETFMakerBot-267,MARKET_MAKER,MARKET_TAKER
7,1,196.820725,55.0,B,n0nfwxhp,7kkt7xdi,ACCEPTED_MAKER,ACCEPTED_TAKER
7,1,204.943731,95.0,A,ff1ohyah,7kkt7xdi,ACCEPTED_MAKER,ACCEPTED_TAKER
7,1,209.604552,230.0,D,bot-ETFMakerBot-267,t1c85kki,ACCEPTED_MAKER,ACCEPTED_TAKER
7,1,209.734519,120.0,A,192pefn6,bot-ETFMakerBot-267,MARKET_MAKER,MARKET_TAKER
7,1,209.840824,50.0,A,03sa74ke,bot-ETFMakerBot-267,MARKET_MAKER,MARKET_TAKER
7,1,209.960583,30.0,C,qfclxxue,bot-ETFMakerBot-267,MARKET_MAKER,MARKET_TAKER
7,1,210.079075,40.0,A,4euiqmk6,bot-ETFMakerBot-267,MARKET_MAKER,MARKET_TAKER
7,1,210.212442,80.0,C,u4nityci,bot-ETFMakerBot-267,MARKET_MAKER,MARKET_TAKER
7,1,210.359575,100.0,C,t1c85kki,bot-ETFMakerBot-267,MARKET_MAKER,MARKET_TAKER
7,1,210.977643,55.0,B,fxdiih74,1ybdzzui,TRADED_MAKER,TRADED_TAKER
7,1,213.555987,50.0,B,1ybdzzui,xkpiy4vt,TRADED_MAKER,TRADED_TAKER
7,1,233.023053,52.0,B,fxdiih74,192pefn6,TRADED_MAKER,TRADED_TAKER
7,1,237.814957,59.0,B,u4nityci,fxdiih74,ACCEPTED_MAKER,ACCEPTED_TAKER
7,1,240.658381,70.0,A,1ybdzzui,t1c85kki,ACCEPTED_MAKER,ACCEPTED_TAKER
7,1,248.056927,85.0,C,cqq5du2k,fxdiih74,ACCEPTED_MAKER,ACCEPTED_TAKER
7,1,253.35624,60.0,B,xkpiy4vt,qfclxxue,TRADED_MAKER,TRADED_TAKER
7,1,253.672213,228.0,D,bot-ETFMakerBot-267,ff1ohyah,ACCEPTED_MAKER,ACCEPTED_TAKER
7,1,253.817345,70.0,A,03sa74ke,bot-ETFMakerBot-267,MARKET_MAKER,MARKET_TAKER
7,1,253.938214,55.0,A,xkpiy4vt,bot-ETFMakerBot-267,MARKET_MAKER,MARKET_TAKER
7,1,254.056368,100.0,A,n0nfwxhp,bot-ETFMakerBot-267,MARKET_MAKER,MARKET_TAKER
7,1,254.188153,50.0,A,ff1ohyah,bot-ETFMakerBot-267,MARKET_MAKER,MARKET_TAKER
7,1,254.327372,78.0,C,sk3234qu,bot-ETFMakerBot-267,MARKET_MAKER,MARKET_TAKER
7,1,254.436055,30.0,A,4euiqmk6,bot-ETFMakerBot-267,MARKET_MAKER,MARKET_TAKER
7,1,254.56527,80.0,C,n0nfwxhp,bot-ETFMakerBot-267,MARKET_MAKER,MARKET_TAKER
7,1,254.702515,55.0,C,xkpiy4vt,bot-ETFMakerBot-267,MARKET_MAKER,MARKET_TAKER
7,1,259.901233,45.0,B,xkpiy4vt,qfclxxue,TRADED_MAKER,TRADED_TAKER
7,1,260.181745,70.0,A,1ybdzzui,t1c85kki,ACCEPTED_MAKER,ACCEPTED_TAKER
7,1,268.956796,210.0,D,ff1ohyah,qfclxxue,TRADED_MAKER,TRADED_TAKER
7,1,274.590555,255.0,D,bot-ETFMakerBot-267,t1c85kki,ACCEPTED_MAKER,ACCEPTED_TAKER
7,1,274.718964,95.0,A,ff1ohyah,bot-ETFMakerBot-267,MARKET_MAKER,MARKET_TAKER
7,1,274.868396,50.0,A,03sa74ke,bot-ETFMakerBot-267,MARKET_MAKER,MARKET_TAKER
7,1,274.990802,70.0,C,xkpiy4vt,bot-ETFMakerBot-267,MARKET_MAKER,MARKET_TAKER
7,1,275.147381,90.0,C,fxdiih74,bot-ETFMakerBot-267,MARKET_MAKER,MARKET_TAKER
7,1,275.375848,200.0,C,7kkt7xdi,bot-ETFMakerBot-267,MARKET_MAKER,MARKET_TAKER
7,1,280.437526,40.0,B,03sa74ke,xkpiy4vt,TRADED_MAKER,TRADED_TAKER
7,1,292.245781,60.0,A,xkpiy4vt,ff1ohyah,ACCEPTED_MAKER,ACCEPTED_TAKER
7,1,293.128018,110.0,A,t1c85kki,qfclxxue,TRADED_MAKER,TRADED_TAKER
7,1,298.95641,70.0,C,03sa74ke,qfclxxue,TRADED_MAKER,TRADED_TAKER
8,1,10.548782,85.0,A,fxdiih74,qfclxxue,TRADED_MAKER,TRADED_TAKER
8,1,12.869145,90.0,A,cqq5du2k,qfclxxue,TRADED_MAKER,TRADED_TAKER
8,1,13.374711,60.0,A,xkpiy4vt,192pefn6,TRADED_MAKER,TRADED_TAKER
8,1,18.761705,70.0,A,03sa74ke,sk3234qu,ACCEPTED_MAKER,ACCEPTED_TAKER
8,1,21.579676,55.0,A,n0nfwxhp,qfclxxue,TRADED_MAKER,TRADED_TAKER
8,1,24.445823,50.0,B,1ybdzzui,7kkt7xdi,ACCEPTED_MAKER,ACCEPTED_TAKER
8,1,26.633264,90.0,C,ff1ohyah,qfclxxue,TRADED_MAKER,TRADED_TAKER
8,1,34.609311,60.0,B,ff1ohyah,sk3234qu,ACCEPTED_MAKER,ACCEPTED_TAKER
8,1,39.872793,60.0,A,1ybdzzui,qfclxxue,TRADED_MAKER,TRADED_TAKER
8,1,40.233543,50.0,B,1ybdzzui,sk3234qu,ACCEPTED_MAKER,ACCEPTED_TAKER
8,1,43.872102,45.0,C,xkpiy4vt,qfclxxue,TRADED_MAKER,TRADED_TAKER
8,1,44.849662,65.0,A,03sa74ke,xkpiy4vt,TRADED_MAKER,TRADED_TAKER
8,1,45.630254,70.0,A,4euiqmk6,t1c85kki,ACCEPTED_MAKER,ACCEPTED_TAKER
8,1,52.788787,200.0,D,192pefn6,bot-ETFMakerBot-268,TRADED_MAKER,TRADED_TAKER
8,1,52.883196,65.0,A,192pefn6,bot-ETFMakerBot-268,MARKET_MAKER,MARKET_TAKER
8,1,52.984345,50.0,A,ff1ohyah,bot-ETFMakerBot-268,MARKET_MAKER,MARKET_TAKER
8,1,53.115816,80.0,A,fxdiih74,bot-ETFMakerBot-268,MARKET_MAKER,MARKET_TAKER
8,1,53.257308,40.0,C,4euiqmk6,bot-ETFMakerBot-268,MARKET_MAKER,MARKET_TAKER
8,1,53.390708,85.0,A,ff1ohyah,bot-ETFMakerBot-268,MARKET_MAKER,MARKET_TAKER
8,1,53.530596,35.0,C,192pefn6,bot-ETFMakerBot-268,MARKET_MAKER,MARKET_TAKER
8,1,53.639183,65.0,C,n0nfwxhp,bot-ETFMakerBot-268,MARKET_MAKER,MARKET_TAKER
8,1,53.819488,70.0,C,4euiqmk6,bot-ETFMakerBot-268,MARKET_MAKER,MARKET_TAKER
8,1,54.044207,90.0,C,u4nityci,bot-ETFMakerBot-268,MARKET_MAKER,MARKET_TAKER
8,1,54.193765,95.0,C,fxdiih74,bot-ETFMakerBot-268,MARKET_MAKER,MARKET_TAKER
8,1,56.053727,70.0,A,xkpiy4vt,qfclxxue,TRADED_MAKER,TRADED_TAKER
8,1,60.137564,65.0,C,n0nfwxhp,7kkt7xdi,ACCEPTED_MAKER,ACCEPTED_TAKER
8,1,69.494458,60.0,B,xkpiy4vt,fxdiih74,ACCEPTED_MAKER,ACCEPTED_TAKER
8,1,70.806518,40.0,C,4euiqmk6,qfclxxue,TRADED_MAKER,TRADED_TAKER
8,1,74.827473,60.0,A,1ybdzzui,cqq5du2k,ACCEPTED_MAKER,ACCEPTED_TAKER
8,1,77.234434,64.0,B,u4nityci,fxdiih74,ACCEPTED_MAKER,ACCEPTED_TAKER
8,1,77.80899,85.0,A,ff1ohyah,n0nfwxhp,ACCEPTED_MAKER,ACCEPTED_TAKER
8,1,81.903322,60.0,C,03sa74ke,u4nityci,ACCEPTED_MAKER,ACCEPTED_TAKER
8,1,83.833957,40.0,B,4euiqmk6,qfclxxue,TRADED_MAKER,TRADED_TAKER
8,1,85.945996,65.0,A,xkpiy4vt,ff1ohyah,TRADED_MAKER,TRADED_TAKER
8,1,94.741448,225.0,D,bot-ETFMakerBot-268,u4nityci,ACCEPTED_MAKER,ACCEPTED_TAKER
8,1,94.856785,70.0,A,03sa74ke,bot-ETFMakerBot-268,MARKET_MAKER,MARKET_TAKER
8,1,94.970554,65.0,A,ff1ohyah,bot-ETFMakerBot-268,MARKET_MAKER,MARKET_TAKER
8,1,95.099661,85.0,A,fxdiih74,bot-ETFMakerBot-268,MARKET_MAKER,MARKET_TAKER
8,1,95.233988,55.0,A,4euiqmk6,bot-ETFMakerBot-268,MARKET_MAKER,MARKET_TAKER
8,1,95.360167,95.0,A,ff1ohyah,bot-ETFMakerBot-268,MARKET_MAKER,MARKET_TAKER
8,1,95.519251,70.0,C,xkpiy4vt,bot-ETFMakerBot-268,MARKET_MAKER,MARKET_TAKER
8,1,95.691879,85.0,C,t1c85kki,bot-ETFMakerBot-268,MARKET_MAKER,MARKET_TAKER
8,1,95.918538,90.0,C,7kkt7xdi,bot-ETFMakerBot-268,MARKET_MAKER,MARKET_TAKER
8,1,96.077069,100.0,C,192pefn6,bot-ETFMakerBot-268,MARKET_MAKER,MARKET_TAKER
8,1,100.076559,65.0,A,qfclxxue,03sa74ke,TRADED_MAKER,TRADED_TAKER
8,1,101.976607,40.0,B,fxdiih74,4euiqmk6,TRADED_MAKER,TRADED_TAKER
8,1,109.609789,70.0,A,03sa74ke,ff1ohyah,ACCEPTED_MAKER,ACCEPTED_TAKER
8,1,113.262989,45.0,B,4euiqmk6,t1c85kki,ACCEPTED_MAKER,ACCEPTED_TAKER
8,1,113.874177,70.0,A,4euiqmk6,n0nfwxhp,ACCEPTED_MAKER,ACCEPTED_TAKER
8,1,118.428379,90.0,C,1ybdzzui,qfclxxue,TRADED_MAKER,TRADED_TAKER
8,1,125.656386,59.0,B,u4nityci,03sa74ke,TRADED_MAKER,TRADED_TAKER
8,1,125.916646,90.0,A,ff1ohyah,qfclxxue,TRADED_MAKER,TRADED_TAKER
8,1,132.173505,255.0,D,bot-ETFMakerBot-268,t1c85kki,ACCEPTED_MAKER,ACCEPTED_TAKER
8,1,132.303754,95.0,A,ff1ohyah,bot-ETFMakerBot-268,MARKET_MAKER,MARKET_TAKER
8,1,132.433763,65.0,A,ff1ohyah,bot-ETFMakerBot-268,MARKET_MAKER,MARKET_TAKER
8,1,132.580082,75.0,C,n0nfwxhp,bot-ETFMakerBot-268,MARKET_MAKER,MARKET_TAKER
8,1,132.721012,65.0,A,03sa74ke,bot-ETFMakerBot-268,MARKET_MAKER,MARKET_TAKER
8,1,132.840648,85.0,C,xkpiy4vt,bot-ETFMakerBot-268,MARKET_MAKER,MARKET_TAKER
8,1,132.965461,60.0,A,7kkt7xdi,bot-ETFMakerBot-268,MARKET_MAKER,MARKET_TAKER
8,1,133.079472,90.0,C,xkpiy4vt,bot-ETFMakerBot-268,MARKET_MAKER,MARKET_TAKER
8,1,133.206725,50.0,A,192pefn6,bot-ETFMakerBot-268,MARKET_MAKER,MARKET_TAKER
8,1,133.350838,40.0,C,4euiqmk6,bot-ETFMakerBot-268,MARKET_MAKER,MARKET_TAKER
8,1,138.363825,65.0,A,qfclxxue,ff1ohyah,ACCEPTED_MAKER,ACCEPTED_TAKER
8,1,142.447302,65.0,A,ff1ohyah,xkpiy4vt,TRADED_MAKER,TRADED_TAKER
8,1,145.024934,70.0,C,xkpiy4vt,192pefn6,TRADED_MAKER,TRADED_TAKER
8,1,145.568849,65.0,A,ff1ohyah,qfclxxue,TRADED_MAKER,TRADED_TAKER
8,1,152.275566,70.0,C,03sa74ke,fxdiih74,ACCEPTED_MAKER,ACCEPTED_TAKER
8,1,153.350302,40.0,B,1ybdzzui,cqq5du2k,ACCEPTED_MAKER,ACCEPTED_TAKER
8,1,156.534214,80.0,A,1ybdzzui,fxdiih74,ACCEPTED_MAKER,ACCEPTED_TAKER
8,1,162.590605,60.0,C,03sa74ke,qfclxxue,TRADED_MAKER,TRADED_TAKER
8,1,168.50301,50.0,B,n0nfwxhp,7kkt7xdi,ACCEPTED_MAKER,ACCEPTED_TAKER
8,1,169.001414,265.0,D,bot-ETFMakerBot-268,qfclxxue,TRADED_MAKER,TRADED_TAKER
8,1,169.113315,85.0,A,cqq5du2k,bot-ETFMakerBot-268,MARKET_MAKER,MARKET_TAKER
8,1,169.234566,65.0,A,ff1ohyah,bot-ETFMakerBot-268,MARKET_MAKER,MARKET_TAKER
8,1,169.390625,90.0,A,ff1ohyah,bot-ETFMakerBot-268,MARKET_MAKER,MARKET_TAKER
8,1,169.535513,55.0,A,1ybdzzui,bot-ETFMakerBot-268,MARKET_MAKER,MARKET_TAKER
8,1,169.674183,95.0,A,ff1ohyah,bot-ETFMakerBot-268,MARKET_MAKER,MARKET_TAKER
8,1,169.810145,30.0,C,sk3234qu,bot-ETFMakerBot-268,MARKET_MAKER,MARKET_TAKER
8,1,169.914781,110.0,A,7kkt7xdi,bot-ETFMakerBot-268,MARKET_MAKER,MARKET_TAKER
8,1,170.066234,80.0,C,4euiqmk6,bot-ETFMakerBot-268,MARKET_MAKER,MARKET_TAKER
8,1,170.372187,100.0,C,192pefn6,bot-ETFMakerBot-268,MARKET_MAKER,MARKET_TAKER
8,1,175.345859,70.0,A,192pefn6,n0nfwxhp,ACCEPTED_MAKER,ACCEPTED_TAKER
8,1,181.082426,45.0,B,fxdiih74,1ybdzzui,TRADED_MAKER,TRADED_TAKER
8,1,183.94736,85.0,C,1ybdzzui,fxdiih74,ACCEPTED_MAKER,ACCEPTED_TAKER
8,1,185.924697,40.0,B,4euiqmk6,n0nfwxhp,ACCEPTED_MAKER,ACCEPTED_TAKER
8,1,192.78517,55.0,B,fxdiih74,qfclxxue,TRADED_MAKER,TRADED_TAKER
8,1,196.292541,40.0,B,4euiqmk6,qfclxxue,TRADED_MAKER,TRADED_TAKER
8,1,210.073248,50.0,B,03sa74ke,192pefn6,TRADED_MAKER,TRADED_TAKER
8,1,235.580833,80.0,A,1ybdzzui,4euiqmk6,TRADED_MAKER,TRADED_TAKER
8,1,243.80683,270.0,D,bot-ETFMakerBot-268,cqq5du2k,ACCEPTED_MAKER,ACCEPTED_TAKER
8,1,243.929016,85.0,A,ff1ohyah,bot-ETFMakerBot-268,MARKET_MAKER,MARKET_TAKER
8,1,244.066031,70.0,A,ff1ohyah,bot-ETFMakerBot-268,MARKET_MAKER,MARKET_TAKER
8,1,244.196809,90.0,A,ff1ohyah,bot-ETFMakerBot-268,MARKET_MAKER,MARKET_TAKER
8,1,244.324179,60.0,A,xkpiy4vt,bot-ETFMakerBot-268,MARKET_MAKER,MARKET_TAKER
8,1,244.463934,95.0,A,ff1ohyah,bot-ETFMakerBot-268,MARKET_MAKER,MARKET_TAKER
8,1,244.609905,55.0,A,1ybdzzui,bot-ETFMakerBot-268,MARKET_MAKER,MARKET_TAKER
8,1,244.752386,95.0,A,ff1ohyah,bot-ETFMakerBot-268,MARKET_MAKER,MARKET_TAKER
8,1,244.88556,65.0,C,7kkt7xdi,bot-ETFMakerBot-268,MARKET_MAKER,MARKET_TAKER
8,1,244.994521,85.0,C,1ybdzzui,bot-ETFMakerBot-268,MARKET_MAKER,MARKET_TAKER
8,1,245.137717,60.0,C,xkpiy4vt,bot-ETFMakerBot-268,MARKET_MAKER,MARKET_TAKER
8,1,245.263705,100.0,C,192pefn6,bot-ETFMakerBot-268,MARKET_MAKER,MARKET_TAKER
8,1,251.690707,55.0,A,1ybdzzui,xkpiy4vt,TRADED_MAKER,TRADED_TAKER
8,1,262.706893,70.0,C,03sa74ke,1ybdzzui,TRADED_MAKER,TRADED_TAKER
8,1,266.82981,80.0,A,fxdiih74,03sa74ke,TRADED_MAKER,TRADED_TAKER
8,1,287.066412,55.0,B,xkpiy4vt,1ybdzzui,TRADED_MAKER,TRADED_TAKER
8,1,292.879619,53.0,B,03sa74ke,1ybdzzui,TRADED_MAKER,TRADED_TAKER
9,1,7.187692,65.0,A,ff1ohyah,192pefn6,TRADED_MAKER,TRADED_TAKER
9,1,8.290418,90.0,A,1ybdzzui,qfclxxue,TRADED_MAKER,TRADED_TAKER
9,1,10.52783,55.0,A,fxdiih74,1ybdzzui,TRADED_MAKER,TRADED_TAKER
9,1,13.654442,60.0,B,cqq5du2k,7kkt7xdi,ACCEPTED_MAKER,ACCEPTED_TAKER
9,1,15.05662,90.0,C,ff1ohyah,qfclxxue,TRADED_MAKER,TRADED_TAKER
9,1,15.873105,70.0,A,03sa74ke,n0nfwxhp,ACCEPTED_MAKER,ACCEPTED_TAKER
9,1,21.214328,65.0,B,ff1ohyah,fxdiih74,ACCEPTED_MAKER,ACCEPTED_TAKER
9,1,29.860201,50.0,B,192pefn6,t1c85kki,ACCEPTED_MAKER,ACCEPTED_TAKER
9,1,33.585595,65.0,A,ff1ohyah,xkpiy4vt,TRADED_MAKER,TRADED_TAKER
9,1,34.917127,50.0,C,4euiqmk6,qfclxxue,TRADED_MAKER,TRADED_TAKER
9,1,38.042716,225.0,D,bot-ETFMakerBot-269,cqq5du2k,ACCEPTED_MAKER,ACCEPTED_TAKER
9,1,38.168348,80.0,A,cqq5du2k,bot-ETFMakerBot-269,MARKET_MAKER,MARKET_TAKER
9,1,38.292046,65.0,A,03sa74ke,bot-ETFMakerBot-269,MARKET_MAKER,MARKET_TAKER
9,1,38.42388,90.0,A,ff1ohyah,bot-ETFMakerBot-269,MARKET_MAKER,MARKET_TAKER
9,1,38.561908,65.0,A,ff1ohyah,bot-ETFMakerBot-269,MARKET_MAKER,MARKET_TAKER
9,1,38.693333,95.0,A,fxdiih74,bot-ETFMakerBot-269,MARKET_MAKER,MARKET_TAKER
9,1,38.829635,65.0,A,ff1ohyah,bot-ETFMakerBot-269,MARKET_MAKER,MARKET_TAKER
9,1,38.964181,70.0,C,u4nityci,bot-ETFMakerBot-269,MARKET_MAKER,MARKET_TAKER
9,1,39.075023,60.0,A,4euiqmk6,bot-ETFMakerBot-269,MARKET_MAKER,MARKET_TAKER
9,1,39.213068,75.0,C,xkpiy4vt,bot-ETFMakerBot-269,MARKET_MAKER,MARKET_TAKER
9,1,39.33501,55.0,A,xkpiy4vt,bot-ETFMakerBot-269,MARKET_MAKER,MARKET_TAKER
9,1,39.462341,95.0,C,fxdiih74,bot-ETFMakerBot-269,MARKET_MAKER,MARKET_TAKER
9,1,39.598702,55.0,A,1ybdzzui,bot-ETFMakerBot-269,MARKET_MAKER,MARKET_TAKER
9,1,39.826676,45.0,C,03sa74ke,bot-ETFMakerBot-269,MARKET_MAKER,MARKET_TAKER
9,1,39.997082,40.0,C,192pefn6,bot-ETFMakerBot-269,MARKET_MAKER,MARKET_TAKER
9,1,56.56559,45.0,B,1ybdzzui,xkpiy4vt,TRADED_MAKER,TRADED_TAKER
9,1,59.215839,70.0,A,ff1ohyah,192pefn6,TRADED_MAKER,TRADED_TAKER
9,1,62.951508,70.0,C,03sa74ke,qfclxxue,TRADED_MAKER,TRADED_TAKER
9,1,67.297047,70.0,A,xkpiy4vt,03sa74ke,TRADED_MAKER,TRADED_TAKER
9,1,68.75245,235.0,D,192pefn6,bot-ETFMakerBot-269,TRADED_MAKER,TRADED_TAKER
9,1,68.850822,85.0,A,ff1ohyah,bot-ETFMakerBot-269,MARKET_MAKER,MARKET_TAKER
9,1,68.984665,70.0,A,ff1ohyah,bot-ETFMakerBot-269,MARKET_MAKER,MARKET_TAKER
9,1,69.115394,95.0,A,ff1ohyah,bot-ETFMakerBot-269,MARKET_MAKER,MARKET_TAKER
9,1,69.247286,65.0,A,03sa74ke,bot-ETFMakerBot-269,MARKET_MAKER,MARKET_TAKER
9,1,69.377447,95.0,A,ff1ohyah,bot-ETFMakerBot-269,MARKET_MAKER,MARKET_TAKER
9,1,69.506632,60.0,A,4euiqmk6,bot-ETFMakerBot-269,MARKET_MAKER,MARKET_TAKER
9,1,69.645378,70.0,C,cqq5du2k,bot-ETFMakerBot-269,MARKET_MAKER,MARKET_TAKER
9,1,69.762957,55.0,A,1ybdzzui,bot-ETFMakerBot-269,MARKET_MAKER,MARKET_TAKER
9,1,69.904109,80.0,C,1ybdzzui,bot-ETFMakerBot-269,MARKET_MAKER,MARKET_TAKER
9,1,70.048885,50.0,C,7kkt7xdi,bot-ETFMakerBot-269,MARKET_MAKER,MARKET_TAKER
9,1,74.422301,225.0,D,bot-ETFMakerBot-269,u4nityci,ACCEPTED_MAKER,ACCEPTED_TAKER
9,1,74.544173,75.0,A,fxdiih74,bot-ETFMakerBot-269,MARKET_MAKER,MARKET_TAKER
9,1,74.728395,75.0,C,xkpiy4vt,bot-ETFMakerBot-269,MARKET_MAKER,MARKET_TAKER
9,1,74.891259,75.0,C,xkpiy4vt,bot-ETFMakerBot-269,MARKET_MAKER,MARKET_TAKER
9,1,89.341281,70.0,A,192pefn6,fxdiih74,ACCEPTED_MAKER,ACCEPTED_TAKER
9,1,94.733225,65.0,A,ff1ohyah,qfclxxue,TRADED_MAKER,TRADED_TAKER
9,1,96.261045,70.0,C,1ybdzzui,u4nityci,ACCEPTED_MAKER,ACCEPTED_TAKER
9,1,97.855584,55.0,B,192pefn6,sk3234qu,ACCEPTED_MAKER,ACCEPTED_TAKER
9,1,101.139064,60.0,C,xkpiy4vt,qfclxxue,TRADED_MAKER,TRADED_TAKER
9,1,111.262232,80.0,C,4euiqmk6,qfclxxue,TRADED_MAKER,TRADED_TAKER
9,1,116.048556,50.0,B,1ybdzzui,xkpiy4vt,TRADED_MAKER,TRADED_TAKER
9,1,122.442277,80.0,A,u4nityci,sk3234qu,ACCEPTED_MAKER,ACCEPTED_TAKER
9,1,129.649463,40.0,B,4euiqmk6,qfclxxue,TRADED_MAKER,TRADED_TAKER
9,1,131.093967,65.0,A,ff1ohyah,cqq5du2k,ACCEPTED_MAKER,ACCEPTED_TAKER
9,1,131.7757,80.0,C,4euiqmk6,fxdiih74,ACCEPTED_MAKER,ACCEPTED_TAKER
9,1,138.208569,235.0,D,bot-ETFMakerBot-269,cqq5du2k,ACCEPTED_MAKER,ACCEPTED_TAKER
9,1,138.324609,80.0,A,4euiqmk6,bot-ETFMakerBot-269,MARKET_MAKER,MARKET_TAKER
9,1,138.453052,65.0,A,03sa74ke,bot-ETFMakerBot-269,MARKET_MAKER,MARKET_TAKER
9,1,138.571983,85.0,A,4euiqmk6,bot-ETFMakerBot-269,MARKET_MAKER,MARKET_TAKER
9,1,138.717969,55.0,A,xkpiy4vt,bot-ETFMakerBot-269,MARKET_MAKER,MARKET_TAKER
9,1,138.843768,89.0,A,cqq5du2k,bot-ETFMakerBot-269,MARKET_MAKER,MARKET_TAKER
9,1,138.967726,50.0,A,ff1ohyah,bot-ETFMakerBot-269,MARKET_MAKER,MARKET_TAKER
9,1,139.094088,90.0,A,ff1ohyah,bot-ETFMakerBot-269,MARKET_MAKER,MARKET_TAKER
9,1,139.229027,50.0,C,7kkt7xdi,bot-ETFMakerBot-269,MARKET_MAKER,MARKET_TAKER
9,1,139.335644,90.0,A,1ybdzzui,bot-ETFMakerBot-269,MARKET_MAKER,MARKET_TAKER
9,1,139.568896,75.0,C,xkpiy4vt,bot-ETFMakerBot-269,MARKET_MAKER,MARKET_TAKER
9,1,139.814458,80.0,C,1ybdzzui,bot-ETFMakerBot-269,MARKET_MAKER,MARKET_TAKER
9,1,140.261298,90.0,C,7kkt7xdi,bot-ETFMakerBot-269,MARKET_MAKER,MARKET_TAKER
9,1,140.449099,100.0,C,192pefn6,bot-ETFMakerBot-269,MARKET_MAKER,MARKET_TAKER
9,1,141.45473,90.0,A,7kkt7xdi,qfclxxue,TRADED_MAKER,TRADED_TAKER
9,1,148.492749,45.0,B,xkpiy4vt,n0nfwxhp,ACCEPTED_MAKER,ACCEPTED_TAKER
9,1,158.66459,70.0,A,xkpiy4vt,u4nityci,ACCEPTED_MAKER,ACCEPTED_TAKER
9,1,160.046331,66.0,A,t1c85kki,qfclxxue,TRADED_MAKER,TRADED_TAKER
9,1,171.553467,70.0,C,1ybdzzui,n0nfwxhp,ACCEPTED_MAKER,ACCEPTED_TAKER
9,1,179.517333,65.0,C,192pefn6,t1c85kki,ACCEPTED_MAKER,ACCEPTED_TAKER
9,1,180.319013,75.0,C,n0nfwxhp,fxdiih74,ACCEPTED_MAKER,ACCEPTED_TAKER
9,1,181.044705,60.0,B,03sa74ke,qfclxxue,TRADED_MAKER,TRADED_TAKER
9,1,182.985309,254.0,D,bot-ETFMakerBot-269,t1c85kki,ACCEPTED_MAKER,ACCEPTED_TAKER
9,1,183.11145,84.0,A,u4nityci,bot-ETFMakerBot-269,MARKET_MAKER,MARKET_TAKER
9,1,183.224276,65.0,A,ff1ohyah,bot-ETFMakerBot-269,MARKET_MAKER,MARKET_TAKER
9,1,183.354445,85.0,A,fxdiih74,bot-ETFMakerBot-269,MARKET_MAKER,MARKET_TAKER
9,1,183.493271,60.0,A,192pefn6,bot-ETFMakerBot-269,MARKET_MAKER,MARKET_TAKER
9,1,183.685411,90.0,A,7kkt7xdi,bot-ETFMakerBot-269,MARKET_MAKER,MARKET_TAKER
9,1,183.796665,60.0,A,7kkt7xdi,bot-ETFMakerBot-269,MARKET_MAKER,MARKET_TAKER
9,1,183.905749,95.0,A,ff1ohyah,bot-ETFMakerBot-269,MARKET_MAKER,MARKET_TAKER
9,1,184.047679,55.0,C,4euiqmk6,bot-ETFMakerBot-269,MARKET_MAKER,MARKET_TAKER
9,1,184.175354,80.0,C,1ybdzzui,bot-ETFMakerBot-269,MARKET_MAKER,MARKET_TAKER
9,1,184.319216,50.0,C,7kkt7xdi,bot-ETFMakerBot-269,MARKET_MAKER,MARKET_TAKER
9,1,184.433738,90.0,C,7kkt7xdi,bot-ETFMakerBot-269,MARKET_MAKER,MARKET_TAKER
9,1,184.550496,50.0,C,xkpiy4vt,bot-ETFMakerBot-269,MARKET_MAKER,MARKET_TAKER
9,1,184.676287,100.0,C,192pefn6,bot-ETFMakerBot-269,MARKET_MAKER,MARKET_TAKER
9,1,187.186955,50.0,B,1ybdzzui,xkpiy4vt,TRADED_MAKER,TRADED_TAKER
9,1,189.8515,85.0,C,fxdiih74,ff1ohyah,ACCEPTED_MAKER,ACCEPTED_TAKER
9,1,195.412322,10.0,A,qfclxxue,1ybdzzui,TRADED_MAKER,TRADED_TAKER
9,1,204.693281,80.0,A,1ybdzzui,qfclxxue,TRADED_MAKER,TRADED_TAKER
9,1,214.741575,50.0,B,03sa74ke,fxdiih74,ACCEPTED_MAKER,ACCEPTED_TAKER
9,1,219.903245,90.0,A,7kkt7xdi,qfclxxue,TRADED_MAKER,TRADED_TAKER
9,1,229.161783,45.0,B,4euiqmk6,qfclxxue,TRADED_MAKER,TRADED_TAKER
9,1,234.750728,75.0,C,1ybdzzui,sk3234qu,ACCEPTED_MAKER,ACCEPTED_TAKER
9,1,235.87783,55.0,B,n0nfwxhp,fxdiih74,ACCEPTED_MAKER,ACCEPTED_TAKER
9,1,249.396761,250.0,D,bot-ETFMakerBot-269,n0nfwxhp,ACCEPTED_MAKER,ACCEPTED_TAKER
9,1,249.524676,90.0,A,ff1ohyah,bot-ETFMakerBot-269,MARKET_MAKER,MARKET_TAKER
9,1,249.656303,70.0,A,u4nityci,bot-ETFMakerBot-269,MARKET_MAKER,MARKET_TAKER
9,1,249.76386,90.0,A,ff1ohyah,bot-ETFMakerBot-269,MARKET_MAKER,MARKET_TAKER
9,1,249.915067,65.0,A,ff1ohyah,bot-ETFMakerBot-269,MARKET_MAKER,MARKET_TAKER
9,1,250.223716,100.0,A,192pefn6,bot-ETFMakerBot-269,MARKET_MAKER,MARKET_TAKER
9,1,250.335745,60.0,A,192pefn6,bot-ETFMakerBot-269,MARKET_MAKER,MARKET_TAKER
9,1,250.44431,80.0,C,03sa74ke,bot-ETFMakerBot-269,MARKET_MAKER,MARKET_TAKER
9,1,250.566453,60.0,A,7kkt7xdi,bot-ETFMakerBot-269,MARKET_MAKER,MARKET_TAKER
9,1,250.687674,80.0,C,xkpiy4vt,bot-ETFMakerBot-269,MARKET_MAKER,MARKET_TAKER
9,1,250.806964,50.0,A,xkpiy4vt,bot-ETFMakerBot-269,MARKET_MAKER,MARKET_TAKER
9,1,250.93834,90.0,C,ff1ohyah,bot-ETFMakerBot-269,MARKET_MAKER,MARKET_TAKER
9,1,251.075904,65.0,C,192pefn6,bot-ETFMakerBot-269,MARKET_MAKER,MARKET_TAKER
9,1,251.184775,90.0,C,7kkt7xdi,bot-ETFMakerBot-269,MARKET_MAKER,MARKET_TAKER
9,1,251.566998,55.0,C,xkpiy4vt,bot-ETFMakerBot-269,MARKET_MAKER,MARKET_TAKER
9,1,251.704392,100.0,C,192pefn6,bot-ETFMakerBot-269,MARKET_MAKER,MARKET_TAKER
9,1,251.824259,50.0,C,7kkt7xdi,bot-ETFMakerBot-269,MARKET_MAKER,MARKET_TAKER
9,1,262.938816,55.0,C,xkpiy4vt,n0nfwxhp,ACCEPTED_MAKER,ACCEPTED_TAKER
9,1,266.852318,75.0,A,192pefn6,1ybdzzui,TRADED_MAKER,TRADED_TAKER
9,1,276.457111,55.0,C,xkpiy4vt,qfclxxue,TRADED_MAKER,TRADED_TAKER
9,1,282.700024,67.0,A,ff1ohyah,xkpiy4vt,TRADED_MAKER,TRADED_TAKER
9,1,283.744894,64.0,B,u4nityci,03sa74ke,TRADED_MAKER,TRADED_TAKER
9,1,286.879881,89.0,A,t1c85kki,qfclxxue,TRADED_MAKER,TRADED_TAKER
9,1,288.880765,40.0,B,7kkt7xdi,n0nfwxhp,ACCEPTED_MAKER,ACCEPTED_TAKER
9,1,295.790212,50.0,C,7kkt7xdi,xkpiy4vt,TRADED_MAKER,TRADED_TAKER
9,1,299.367383,220.0,D,4euiqmk6,bot-ETFMakerBot-269,TRADED_MAKER,TRADED_TAKER
9,1,299.489885,90.0,A,1ybdzzui,bot-ETFMakerBot-269,MARKET_MAKER,MARKET_TAKER
9,1,299.639265,66.0,A,ff1ohyah,bot-ETFMakerBot-269,MARKET_MAKER,MARKET_TAKER
9,1,299.776382,90.0,A,ff1ohyah,bot-ETFMakerBot-269,MARKET_MAKER,MARKET_TAKER
9,1,300.011899,65.0,A,ff1ohyah,bot-ETFMakerBot-269,MARKET_MAKER,MARKET_TAKER
9,1,300.226047,90.0,A,7kkt7xdi,bot-ETFMakerBot-269,MARKET_MAKER,MARKET_TAKER
9,1,300.335059,60.0,A,7kkt7xdi,bot-ETFMakerBot-269,MARKET_MAKER,MARKET_TAKER
9,1,300.447705,50.0,C,xkpiy4vt,bot-ETFMakerBot-269,MARKET_MAKER,MARKET_TAKER
9,1,300.619293,80.0,C,1ybdzzui,bot-ETFMakerBot-269,MARKET_MAKER,MARKET_TAKER
9,1,300.85141,90.0,C,sk3234qu,bot-ETFMakerBot-269,MARKET_MAKER,MARKET_TAKER
9,1,301.001631,90.0,C,7kkt7xdi,bot-ETFMakerBot-269,MARKET_MAKER,MARKET_TAKER
9,1,301.215077,95.0,C,fxdiih74,bot-ETFMakerBot-269,MARKET_MAKER,MARKET_TAKER
10,1,5.364079,70.0,A,192pefn6,1ybdzzui,TRADED_MAKER,TRADED_TAKER
10,1,8.241037,80.0,A,cqq5du2k,n0nfwxhp,ACCEPTED_MAKER,ACCEPTED_TAKER
10,1,12.279593,214.0,D,bot-ETFMakerBot-270,192pefn6,TRADED_MAKER,TRADED_TAKER
10,1,12.389768,85.0,A,fxdiih74,bot-ETFMakerBot-270,MARKET_MAKER,MARKET_TAKER
10,1,12.525381,65.0,A,03sa74ke,bot-ETFMakerBot-270,MARKET_MAKER,MARKET_TAKER
10,1,12.637662,60.0,C,4euiqmk6,bot-ETFMakerBot-270,MARKET_MAKER,MARKET_TAKER
10,1,12.760945,65.0,A,ff1ohyah,bot-ETFMakerBot-270,MARKET_MAKER,MARKET_TAKER
10,1,12.886735,69.0,C,u4nityci,bot-ETFMakerBot-270,MARKET_MAKER,MARKET_TAKER
10,1,12.994158,55.0,A,4euiqmk6,bot-ETFMakerBot-270,MARKET_MAKER,MARKET_TAKER
10,1,13.125621,70.0,C,sk3234qu,bot-ETFMakerBot-270,MARKET_MAKER,MARKET_TAKER
10,1,13.231793,45.0,C,7kkt7xdi,bot-ETFMakerBot-270,MARKET_MAKER,MARKET_TAKER
10,1,13.373557,40.0,C,192pefn6,bot-ETFMakerBot-270,MARKET_MAKER,MARKET_TAKER
10,1,14.915778,45.0,B,4euiqmk6,xkpiy4vt,TRADED_MAKER,TRADED_TAKER
10,1,16.111895,1.0,B,xkpiy4vt,fxdiih74,TRADED_MAKER,TRADED_TAKER
10,1,18.418407,1.0,B,xkpiy4vt,4euiqmk6,TRADED_MAKER,TRADED_TAKER
10,1,24.323274,80.0,C,1ybdzzui,qfclxxue,TRADED_MAKER,TRADED_TAKER
10,1,29.511431,85.0,C,192pefn6,qfclxxue,TRADED_MAKER,TRADED_TAKER
10,1,34.403748,254.0,D,bot-ETFMakerBot-270,sk3234qu,ACCEPTED_MAKER,ACCEPTED_TAKER
10,1,34.521857,85.0,A,ff1ohyah,bot-ETFMakerBot-270,MARKET_MAKER,MARKET_TAKER
10,1,34.654086,65.0,A,ff1ohyah,bot-ETFMakerBot-270,MARKET_MAKER,MARKET_TAKER
10,1,34.80543,90.0,A,1ybdzzui,bot-ETFMakerBot-270,MARKET_MAKER,MARKET_TAKER
10,1,34.942799,60.0,A,7kkt7xdi,bot-ETFMakerBot-270,MARKET_MAKER,MARKET_TAKER
10,1,35.050601,90.0,A,7kkt7xdi,bot-ETFMakerBot-270,MARKET_MAKER,MARKET_TAKER
10,1,35.15573,55.0,A,4euiqmk6,bot-ETFMakerBot-270,MARKET_MAKER,MARKET_TAKER
10,1,35.281143,80.0,C,n0nfwxhp,bot-ETFMakerBot-270,MARKET_MAKER,MARKET_TAKER
10,1,35.409941,60.0,C,1ybdzzui,bot-ETFMakerBot-270,MARKET_MAKER,MARKET_TAKER
10,1,35.541542,89.0,C,ff1ohyah,bot-ETFMakerBot-270,MARKET_MAKER,MARKET_TAKER
10,1,35.675661,60.0,C,03sa74ke,bot-ETFMakerBot-270,MARKET_MAKER,MARKET_TAKER
10,1,35.792238,90.0,C,7kkt7xdi,bot-ETFMakerBot-270,MARKET_MAKER,MARKET_TAKER
10,1,39.879965,50.0,B,1ybdzzui,t1c85kki,ACCEPTED_MAKER,ACCEPTED_TAKER
10,1,42.324142,45.0,B,4euiqmk6,qfclxxue,TRADED_MAKER,TRADED_TAKER
10,1,45.016127,70.0,C,xkpiy4vt,03sa74ke,TRADED_MAKER,TRADED_TAKER
10,1,51.969581,65.0,A,1ybdzzui,xkpiy4vt,TRADED_MAKER,TRADED_TAKER
10,1,55.542923,59.0,B,ff1ohyah,qfclxxue,TRADED_MAKER,TRADED_TAKER
10,1,60.53149,80.0,A,4euiqmk6,ff1ohyah,ACCEPTED_MAKER,ACCEPTED_TAKER
10,1,65.273195,250.0,D,bot-ETFMakerBot-270,cqq5du2k,ACCEPTED_MAKER,ACCEPTED_TAKER
10,1,65.380307,80.0,A,t1c85kki,bot-ETFMakerBot-270,MARKET_MAKER,MARKET_TAKER
10,1,65.500501,65.0,A,ff1ohyah,bot-ETFMakerBot-270,MARKET_MAKER,MARKET_TAKER
10,1,65.624393,85.0,A,fxdiih74,bot-ETFMakerBot-270,MARKET_MAKER,MARKET_TAKER
10,1,65.756432,60.0,A,7kkt7xdi,bot-ETFMakerBot-270,MARKET_MAKER,MARKET_TAKER
10,1,65.855645,90.0,A,7kkt7xdi,bot-ETFMakerBot-270,MARKET_MAKER,MARKET_TAKER
10,1,65.964437,50.0,A,192pefn6,bot-ETFMakerBot-270,MARKET_MAKER,MARKET_TAKER
10,1,66.070066,100.0,A,192pefn6,bot-ETFMakerBot-270,MARKET_MAKER,MARKET_TAKER
10,1,66.184569,45.0,C,7kkt7xdi,bot-ETFMakerBot-270,MARKET_MAKER,MARKET_TAKER
10,1,66.287378,80.0,C,03sa74ke,bot-ETFMakerBot-270,MARKET_MAKER,MARKET_TAKER
10,1,66.401984,40.0,C,192pefn6,bot-ETFMakerBot-270,MARKET_MAKER,MARKET_TAKER
10,1,66.50481,90.0,C,7kkt7xdi,bot-ETFMakerBot-270,MARKET_MAKER,MARKET_TAKER
10,1,66.659169,95.0,C,fxdiih74,bot-ETFMakerBot-270,MARKET_MAKER,MARKET_TAKER
10,1,74.714337,60.0,B,fxdiih74,03sa74ke,TRADED_MAKER,TRADED_TAKER
10,1,77.052515,60.0,A,7kkt7xdi,qfclxxue,TRADED_MAKER,TRADED_TAKER
10,1,79.275562,50.0,B,1ybdzzui,n0nfwxhp,ACCEPTED_MAKER,ACCEPTED_TAKER
10,1,80.890301,220.0,D,bot-ETFMakerBot-270,t1c85kki,ACCEPTED_MAKER,ACCEPTED_TAKER
10,1,81.017079,85.0,A,ff1ohyah,bot-ETFMakerBot-270,MARKET_MAKER,MARKET_TAKER
10,1,81.14143,65.0,A,ff1ohyah,bot-ETFMakerBot-270,MARKET_MAKER,MARKET_TAKER
10,1,81.267507,90.0,A,fxdiih74,bot-ETFMakerBot-270,MARKET_MAKER,MARKET_TAKER
10,1,81.404005,50.0,A,192pefn6,bot-ETFMakerBot-270,MARKET_MAKER,MARKET_TAKER
10,1,81.518538,90.0,A,7kkt7xdi,bot-ETFMakerBot-270,MARKET_MAKER,MARKET_TAKER
10,1,81.639737,50.0,C,4euiqmk6,bot-ETFMakerBot-270,MARKET_MAKER,MARKET_TAKER
10,1,81.766221,100.0,A,192pefn6,bot-ETFMakerBot-270,MARKET_MAKER,MARKET_TAKER
10,1,81.87227,45.0,C,7kkt7xdi,bot-ETFMakerBot-270,MARKET_MAKER,MARKET_TAKER
10,1,81.99813,60.0,C,n0nfwxhp,bot-ETFMakerBot-270,MARKET_MAKER,MARKET_TAKER
10,1,82.142253,40.0,C,192pefn6,bot-ETFMakerBot-270,MARKET_MAKER,MARKET_TAKER
10,1,82.245576,75.0,C,xkpiy4vt,bot-ETFMakerBot-270,MARKET_MAKER,MARKET_TAKER
10,1,82.406075,75.0,C,t1c85kki,bot-ETFMakerBot-270,MARKET_MAKER,MARKET_TAKER
10,1,82.612062,80.0,C,4euiqmk6,bot-ETFMakerBot-270,MARKET_MAKER,MARKET_TAKER
10,1,82.837011,90.0,C,7kkt7xdi,bot-ETFMakerBot-270,MARKET_MAKER,MARKET_TAKER
10,1,83.606572,45.0,B,4euiqmk6,qfclxxue,TRADED_MAKER,TRADED_TAKER
10,1,94.0917,60.0,C,xkpiy4vt,qfclxxue,TRADED_MAKER,TRADED_TAKER
10,1,97.822682,263.0,D,bot-ETFMakerBot-270,n0nfwxhp,ACCEPTED_MAKER,ACCEPTED_TAKER
10,1,97.93956,88.0,A,cqq5du2k,bot-ETFMakerBot-270,MARKET_MAKER,MARKET_TAKER
10,1,98.05837,65.0,A,ff1ohyah,bot-ETFMakerBot-270,MARKET_MAKER,MARKET_TAKER
10,1,98.184341,90.0,A,7kkt7xdi,bot-ETFMakerBot-270,MARKET_MAKER,MARKET_TAKER
10,1,98.293221,60.0,A,7kkt7xdi,bot-ETFMakerBot-270,MARKET_MAKER,MARKET_TAKER
10,1,98.398129,90.0,A,ff1ohyah,bot-ETFMakerBot-270,MARKET_MAKER,MARKET_TAKER
10,1,98.525699,50.0,A,192pefn6,bot-ETFMakerBot-270,MARKET_MAKER,MARKET_TAKER
10,1,98.624853,100.0,A,192pefn6,bot-ETFMakerBot-270,MARKET_MAKER,MARKET_TAKER
10,1,98.857699,45.0,C,7kkt7xdi,bot-ETFMakerBot-270,MARKET_MAKER,MARKET_TAKER
10,1,98.992157,85.0,C,192pefn6,bot-ETFMakerBot-270,MARKET_MAKER,MARKET_TAKER
10,1,99.136146,90.0,C,7kkt7xdi,bot-ETFMakerBot-270,MARKET_MAKER,MARKET_TAKER
10,1,99.332349,90.0,C,1ybdzzui,bot-ETFMakerBot-270,MARKET_MAKER,MARKET_TAKER
10,1,103.480332,70.0,C,03sa74ke,fxdiih74,ACCEPTED_MAKER,ACCEPTED_TAKER
10,1,111.754241,85.0,A,n0nfwxhp,qfclxxue,TRADED_MAKER,TRADED_TAKER
10,1,115.247713,90.0,A,ff1ohyah,qfclxxue,TRADED_MAKER,TRADED_TAKER
10,1,116.480414,245.0,D,bot-ETFMakerBot-270,u4nityci,ACCEPTED_MAKER,ACCEPTED_TAKER
10,1,116.594203,90.0,A,7kkt7xdi,bot-ETFMakerBot-270,MARKET_MAKER,MARKET_TAKER
10,1,116.703603,65.0,A,ff1ohyah,bot-ETFMakerBot-270,MARKET_MAKER,MARKET_TAKER
10,1,116.835189,100.0,A,192pefn6,bot-ETFMakerBot-270,MARKET_MAKER,MARKET_TAKER
10,1,116.944118,65.0,A,03sa74ke,bot-ETFMakerBot-270,MARKET_MAKER,MARKET_TAKER
10,1,117.062453,100.0,A,1ybdzzui,bot-ETFMakerBot-270,MARKET_MAKER,MARKET_TAKER
10,1,117.198223,65.0,A,ff1ohyah,bot-ETFMakerBot-270,MARKET_MAKER,MARKET_TAKER
10,1,117.332515,75.0,C,xkpiy4vt,bot-ETFMakerBot-270,MARKET_MAKER,MARKET_TAKER
10,1,117.463919,65.0,A,1ybdzzui,bot-ETFMakerBot-270,MARKET_MAKER,MARKET_TAKER
10,1,117.606787,80.0,C,xkpiy4vt,bot-ETFMakerBot-270,MARKET_MAKER,MARKET_TAKER
10,1,117.731808,60.0,A,7kkt7xdi,bot-ETFMakerBot-270,MARKET_MAKER,MARKET_TAKER
10,1,117.85013,85.0,C,192pefn6,bot-ETFMakerBot-270,MARKET_MAKER,MARKET_TAKER
10,1,117.951612,50.0,A,192pefn6,bot-ETFMakerBot-270,MARKET_MAKER,MARKET_TAKER
10,1,118.055262,90.0,C,7kkt7xdi,bot-ETFMakerBot-270,MARKET_MAKER,MARKET_TAKER
10,1,118.169986,45.0,C,7kkt7xdi,bot-ETFMakerBot-270,MARKET_MAKER,MARKET_TAKER
10,1,118.301915,95.0,C,fxdiih74,bot-ETFMakerBot-270,MARKET_MAKER,MARKET_TAKER
10,1,118.439406,40.0,C,192pefn6,bot-ETFMakerBot-270,MARKET_MAKER,MARKET_TAKER
10,1,134.334763,80.0,A,u4nityci,t1c85kki,ACCEPTED_MAKER,ACCEPTED_TAKER
10,1,138.744019,85.0,A,n0nfwxhp,t1c85kki,ACCEPTED_MAKER,ACCEPTED_TAKER
10,1,141.957369,70.0,A,1ybdzzui,qfclxxue,TRADED_MAKER,TRADED_TAKER
10,1,145.78306,80.0,C,u4nityci,qfclxxue,TRADED_MAKER,TRADED_TAKER
10,1,150.093648,50.0,B,fxdiih74,n0nfwxhp,ACCEPTED_MAKER,ACCEPTED_TAKER
10,1,152.208046,60.0,C,1ybdzzui,qfclxxue,TRADED_MAKER,TRADED_TAKER
10,1,156.452295,85.0,C,192pefn6,fxdiih74,ACCEPTED_MAKER,ACCEPTED_TAKER
10,1,159.711935,70.0,A,u4nityci,qfclxxue,TRADED_MAKER,TRADED_TAKER
10,1,165.327882,85.0,A,ff1ohyah,n0nfwxhp,ACCEPTED_MAKER,ACCEPTED_TAKER
10,1,166.872923,85.0,C,sk3234qu,qfclxxue,TRADED_MAKER,TRADED_TAKER
10,1,175.07688,70.0,A,ff1ohyah,qfclxxue,TRADED_MAKER,TRADED_TAKER
10,1,190.732531,85.0,A,ff1ohyah,sk3234qu,ACCEPTED_MAKER,ACCEPTED_TAKER
10,1,191.302225,90.0,A,7kkt7xdi,qfclxxue,TRADED_MAKER,TRADED_TAKER
10,1,196.548162,80.0,A,ff1ohyah,n0nfwxhp,ACCEPTED_MAKER,ACCEPTED_TAKER
10,1,200.387785,55.0,B,4euiqmk6,fxdiih74,ACCEPTED_MAKER,ACCEPTED_TAKER
10,1,201.82174,55.0,C,xkpiy4vt,qfclxxue,TRADED_MAKER,TRADED_TAKER
10,1,207.791854,80.0,A,4euiqmk6,qfclxxue,TRADED_MAKER,TRADED_TAKER
10,1,222.386628,70.0,A,ff1ohyah,qfclxxue,TRADED_MAKER,TRADED_TAKER
10,1,227.861568,70.0,C,n0nfwxhp,qfclxxue,TRADED_MAKER,TRADED_TAKER
10,1,235.92574,50.0,B,xkpiy4vt,4euiqmk6,TRADED_MAKER,TRADED_TAKER
10,1,239.487576,50.0,C,u4nityci,qfclxxue,TRADED_MAKER,TRADED_TAKER
10,1,242.864435,70.0,A,ff1ohyah,n0nfwxhp,ACCEPTED_MAKER,ACCEPTED_TAKER
10,1,245.019174,55.0,B,sk3234qu,qfclxxue,TRADED_MAKER,TRADED_TAKER
10,1,247.063037,235.0,D,bot-ETFMakerBot-270,192pefn6,TRADED_MAKER,TRADED_TAKER
10,1,247.170354,90.0,A,ff1ohyah,bot-ETFMakerBot-270,MARKET_MAKER,MARKET_TAKER
10,1,247.301113,75.0,A,ff1ohyah,bot-ETFMakerBot-270,MARKET_MAKER,MARKET_TAKER
10,1,247.43482,90.0,A,4euiqmk6,bot-ETFMakerBot-270,MARKET_MAKER,MARKET_TAKER
10,1,247.564058,65.0,A,ff1ohyah,bot-ETFMakerBot-270,MARKET_MAKER,MARKET_TAKER
10,1,247.699942,100.0,A,192pefn6,bot-ETFMakerBot-270,MARKET_MAKER,MARKET_TAKER
10,1,247.805597,65.0,A,ff1ohyah,bot-ETFMakerBot-270,MARKET_MAKER,MARKET_TAKER
10,1,247.942365,70.0,C,1ybdzzui,bot-ETFMakerBot-270,MARKET_MAKER,MARKET_TAKER
10,1,248.080766,60.0,A,7kkt7xdi,bot-ETFMakerBot-270,MARKET_MAKER,MARKET_TAKER
10,1,248.201162,75.0,C,xkpiy4vt,bot-ETFMakerBot-270,MARKET_MAKER,MARKET_TAKER
10,1,248.327121,55.0,A,fxdiih74,bot-ETFMakerBot-270,MARKET_MAKER,MARKET_TAKER
10,1,248.467287,90.0,C,1ybdzzui,bot-ETFMakerBot-270,MARKET_MAKER,MARKET_TAKER
10,1,248.603465,50.0,A,192pefn6,bot-ETFMakerBot-270,MARKET_MAKER,MARKET_TAKER
10,1,248.720545,90.0,C,7kkt7xdi,bot-ETFMakerBot-270,MARKET_MAKER,MARKET_TAKER
10,1,249.015891,45.0,C,7kkt7xdi,bot-ETFMakerBot-270,MARKET_MAKER,MARKET_TAKER
10,1,249.163392,40.0,C,192pefn6,bot-ETFMakerBot-270,MARKET_MAKER,MARKET_TAKER
10,1,267.357001,75.0,A,1ybdzzui,qfclxxue,TRADED_MAKER,TRADED_TAKER
10,1,270.559328,85.0,A,03sa74ke,cqq5du2k,ACCEPTED_MAKER,ACCEPTED_TAKER
10,1,277.772262,59.0,B,u4nityci,qfclxxue,TRADED_MAKER,TRADED_TAKER
10,1,280.624557,80.0,C,1ybdzzui,sk3234qu,ACCEPTED_MAKER,ACCEPTED_TAKER
10,1,282.610908,45.0,B,1ybdzzui,n0nfwxhp,ACCEPTED_MAKER,ACCEPTED_TAKER
10,1,288.581047,45.0,C,7kkt7xdi,qfclxxue,TRADED_MAKER,TRADED_TAKER
10,1,292.266835,89.0,A,t1c85kki,n0nfwxhp,ACCEPTED_MAKER,ACCEPTED_TAKER
10,1,296.561883,40.0,B,fxdiih74,1ybdzzui,TRADED_MAKER,TRADED_TAKER
